wLgaTt_3mxg,,
xhRweB1vnp8,,
0saLalW_zjM,,
pLRrf-lwG5o,,
K18cqY3GJvc,,
cadjGtaQztg,,
c5-zcrVG958,,
zBges9DMmo4,,
__90F8k8X78,, PL4xAk5aclnUgrmghoS2NWI_ZktPSZKFwa
pMTA_wiY784,, PL4xAk5aclnUgrmghoS2NWI_ZktPSZKFwa
vK913oWl_XI,, PL4xAk5aclnUgrmghoS2NWI_ZktPSZKFwa
TIXWnr3sdY4,, PL4xAk5aclnUgrmghoS2NWI_ZktPSZKFwa
pJJZMcAo44g,, PL4xAk5aclnUgrmghoS2NWI_ZktPSZKFwa
ztKwAXW3KWE,, PL4xAk5aclnUgrmghoS2NWI_ZktPSZKFwa
uJXOCpDhuSQ,, PL4xAk5aclnUgrmghoS2NWI_ZktPSZKFwa
pYu4BlHrJGo,, PL4xAk5aclnUgrmghoS2NWI_ZktPSZKFwa
G1jmk4q1yes,, PL4xAk5aclnUgrmghoS2NWI_ZktPSZKFwa
ZDdnOz49Bec,, PL4xAk5aclnUgrmghoS2NWI_ZktPSZKFwa
BgSC8YD1oTQ,, PL4xAk5aclnUgrmghoS2NWI_ZktPSZKFwa
Xc6doO4Kh9k,, PL4xAk5aclnUgrmghoS2NWI_ZktPSZKFwa
67P5BdtGVWA,, PL4xAk5aclnUgrmghoS2NWI_ZktPSZKFwa
XabY4vAU2WU,, PL4xAk5aclnUgrmghoS2NWI_ZktPSZKFwa
dRgPqnG70TQ,, PL4xAk5aclnUgrmghoS2NWI_ZktPSZKFwa
lcy9fpgfB_s,, PL4xAk5aclnUgrmghoS2NWI_ZktPSZKFwa
A-XSB8m4TKw,, PL4xAk5aclnUgrmghoS2NWI_ZktPSZKFwa
p5PDmWDgWEo,, PL4xAk5aclnUgrmghoS2NWI_ZktPSZKFwa
GAHejGry1sg,, PL4xAk5aclnUiX_3Z-kR-ExMr5z0wMn1Bx
p9pTjStjGHY,http://www.learncheme.com/simulations/kinetics-reactor-design/langmuir-hinshelwood-reaction-in-a-pfr,
Qfie3dTnyIQ,, PL4xAk5aclnUiX_3Z-kR-ExMr5z0wMn1Bx
bgkNxC_rOxw,, PL4xAk5aclnUgrmghoS2NWI_ZktPSZKFwa
hreAO6Iqraw,, PL4xAk5aclnUgrmghoS2NWI_ZktPSZKFwa
6-6fRa-AZPE,, PL4xAk5aclnUgrmghoS2NWI_ZktPSZKFwa
fbFkGmHyyE4,, PL4xAk5aclnUgrmghoS2NWI_ZktPSZKFwa
X9NIQ3KBd8I,http://www.learncheme.com/simulations/kinetics-reactor-design/langmuir-isotherms-for-a-binary-mixture-2,
QuNr1mnF-pQ,, PL4xAk5aclnUgrmghoS2NWI_ZktPSZKFwa
meaFNmcqXF8,http://www.learncheme.com/simulations/kinetics-reactor-design/temperature-programmed-desorption,
sPtsmeUKDa0,, PL4xAk5aclnUgrmghoS2NWI_ZktPSZKFwa
v7CMXuKrJC8,, PL4xAk5aclnUgrmghoS2NWI_ZktPSZKFwa
YX8FVyqw_Yo,, PL4xAk5aclnUgrmghoS2NWI_ZktPSZKFwa
zFs5khfdkz0,, PL4xAk5aclnUgrmghoS2NWI_ZktPSZKFwa
D-6ACSW8E7w,, PL4xAk5aclnUgrmghoS2NWI_ZktPSZKFwa
Cwdef3TlOtE,, PL4xAk5aclnUi1CEFNwjcheMgyWe8BwuLS
s8MHZQpZOjc,, PL4xAk5aclnUi1CEFNwjcheMgyWe8BwuLS
TrBjR7qMJjs,,
laMyHmqsTUo,, PL4xAk5aclnUi1CEFNwjcheMgyWe8BwuLS
eQsi7rzMBzk,, PL4xAk5aclnUi1CEFNwjcheMgyWe8BwuLS
agUT0ekqs_A,, PL4xAk5aclnUi1CEFNwjcheMgyWe8BwuLS
ConTsQHnN6Q,, PL4xAk5aclnUi1CEFNwjcheMgyWe8BwuLS
V5zzzzWuwzE,, PL4xAk5aclnUi1CEFNwjcheMgyWe8BwuLS
oHAuPT3Mk3Y,, PL4xAk5aclnUi1CEFNwjcheMgyWe8BwuLS
_-nNBt19yTA,, PL4xAk5aclnUi1CEFNwjcheMgyWe8BwuLS
YWKONQyPAso,, PL4xAk5aclnUi1CEFNwjcheMgyWe8BwuLS
0EUHzs7DRx8,, PL4xAk5aclnUi1CEFNwjcheMgyWe8BwuLS
lLhTrWvGrZ8,,
SGyj0sySvhM,,
_wYtocFdgGc,, PL4xAk5aclnUi1CEFNwjcheMgyWe8BwuLS
cMubkwFUEDA,, PL4xAk5aclnUi1CEFNwjcheMgyWe8BwuLS
V1iM_GwTlys,, PL4xAk5aclnUi1CEFNwjcheMgyWe8BwuLS
gQ7Uwd4NZXk,, PL4xAk5aclnUi1CEFNwjcheMgyWe8BwuLS
6WklC9e_M10,, PL4xAk5aclnUi1CEFNwjcheMgyWe8BwuLS
Cc88wFkW_aA,, PL4xAk5aclnUi1CEFNwjcheMgyWe8BwuLS
vZ2Im4bxa4M,, PL4xAk5aclnUi1CEFNwjcheMgyWe8BwuLS
LXYdJN1V_p0,, PL4xAk5aclnUi1CEFNwjcheMgyWe8BwuLS
EhPxE3La_Zg,, PL4xAk5aclnUi1CEFNwjcheMgyWe8BwuLS
NBst2ansVTE,, PL4xAk5aclnUi1CEFNwjcheMgyWe8BwuLS
IgUS4_0m9Zc,, PL4xAk5aclnUi1CEFNwjcheMgyWe8BwuLS
peTvH_Z1RX0,, PL4xAk5aclnUi1CEFNwjcheMgyWe8BwuLS
cBTaIZFIEG4,, PL4xAk5aclnUi1CEFNwjcheMgyWe8BwuLS
990ed9bsQlY,, PL4xAk5aclnUi1CEFNwjcheMgyWe8BwuLS
mF8RdjDiuu8,, PL4xAk5aclnUi1CEFNwjcheMgyWe8BwuLS
iCTnUFlakNo,, PL4xAk5aclnUi1CEFNwjcheMgyWe8BwuLS
Fd6eqNyPSgI,,
HjK9IfWY2qg,, PL4xAk5aclnUi1CEFNwjcheMgyWe8BwuLS
jZESbugbnWw,, PL4xAk5aclnUi1CEFNwjcheMgyWe8BwuLS
OGAxPWUB8H8,, PL4xAk5aclnUi1CEFNwjcheMgyWe8BwuLS
7N_CR5aF60s,http://www.learncheme.com/simulations/thermodynamics/thermo-1/phase-behavior-on-a-pv-diagram,
0G4cO9seO9s,, PL4xAk5aclnUi1CEFNwjcheMgyWe8BwuLS
8WoyxPN1sSo,, PL4xAk5aclnUi1CEFNwjcheMgyWe8BwuLS
4y_SW1Z8b7A,, PL4xAk5aclnUi1CEFNwjcheMgyWe8BwuLS
APxyBY27Msk,,
MF0TbEeuTk0,,
49C84I1_68o,, PL4xAk5aclnUi1CEFNwjcheMgyWe8BwuLS
6KqaP0TVlJM,, PL4xAk5aclnUi1CEFNwjcheMgyWe8BwuLS
Bt70qUQb6BA,, PL4xAk5aclnUi1CEFNwjcheMgyWe8BwuLS
7H2EnOzGxD0,, PL4xAk5aclnUi1CEFNwjcheMgyWe8BwuLS
uYHwrmWEIsk,, PL4xAk5aclnUi1CEFNwjcheMgyWe8BwuLS
Le4gu2jysSk,, PL4xAk5aclnUi1CEFNwjcheMgyWe8BwuLS
JDqxSbBfKLk,, PL4xAk5aclnUi1CEFNwjcheMgyWe8BwuLS
47SgFaL4a7c,, PL4xAk5aclnUi1CEFNwjcheMgyWe8BwuLS
PR25HRqZjvQ,, PL4xAk5aclnUi1CEFNwjcheMgyWe8BwuLS
qqU8o55xnBM,, PL4xAk5aclnUi1CEFNwjcheMgyWe8BwuLS
bZN6BEPydN8,, PL4xAk5aclnUi1CEFNwjcheMgyWe8BwuLS
3EunldjE-yA,, PL4xAk5aclnUi1CEFNwjcheMgyWe8BwuLS
WHyDzKhyPog,, PL4xAk5aclnUi1CEFNwjcheMgyWe8BwuLS
RPNQO87i9Vg,,
b6FFfON_3YM,, PL4xAk5aclnUi1CEFNwjcheMgyWe8BwuLS
-RDRYZqxrfs,, PL4xAk5aclnUi1CEFNwjcheMgyWe8BwuLS
Xz3Ghn5RS1Y,, PL4xAk5aclnUi1CEFNwjcheMgyWe8BwuLS
_LRvR2k-lec,, PL4xAk5aclnUi1CEFNwjcheMgyWe8BwuLS
r_KN2LX0PVM,,
RmfHz7ZZzm8,, PL4xAk5aclnUi1CEFNwjcheMgyWe8BwuLS
a0Gvh_JvJgY,, PL4xAk5aclnUi1CEFNwjcheMgyWe8BwuLS
zNP0-2w6qrs,, PL4xAk5aclnUi1CEFNwjcheMgyWe8BwuLS
nvjoBkH8_qQ,, PL4xAk5aclnUi1CEFNwjcheMgyWe8BwuLS
ujiOf5UAWiQ,, PL4xAk5aclnUi1CEFNwjcheMgyWe8BwuLS
MybrJJdx_Gw,, PL4xAk5aclnUi1CEFNwjcheMgyWe8BwuLS
aonEmARxw8M,, PL4xAk5aclnUi1CEFNwjcheMgyWe8BwuLS
tbMfvgu191Y,, PL4xAk5aclnUi1CEFNwjcheMgyWe8BwuLS
S4Jzn4Iyc6k,, PL4xAk5aclnUi1CEFNwjcheMgyWe8BwuLS
s7AYHkMbFNs,, PL4xAk5aclnUi1CEFNwjcheMgyWe8BwuLS
M9eXTG11mIY,,
GhdDP6xe9eo,, PL4xAk5aclnUi1CEFNwjcheMgyWe8BwuLS
EE8fjXiX-Lc,, PL4xAk5aclnUi1CEFNwjcheMgyWe8BwuLS
94T84t8Xjzw,, PL4xAk5aclnUi1CEFNwjcheMgyWe8BwuLS
bCQt0rVJe8c,, PL4xAk5aclnUi1CEFNwjcheMgyWe8BwuLS
wrIwQrBb25M,,
GqU2-CTCE8g,, PL4xAk5aclnUi1CEFNwjcheMgyWe8BwuLS
jcPbN00Hft4,, PL4xAk5aclnUi1CEFNwjcheMgyWe8BwuLS
OT9SxW8lsBg,, PL4xAk5aclnUi1CEFNwjcheMgyWe8BwuLS
-K-2f0g2wro,, PL4xAk5aclnUi1CEFNwjcheMgyWe8BwuLS
142KSemCU0k,, PL4xAk5aclnUi1CEFNwjcheMgyWe8BwuLS
5BD3PxNbIt8,, PL4xAk5aclnUi1CEFNwjcheMgyWe8BwuLS
jpkFUZ0Y5hY,, PL4xAk5aclnUi1CEFNwjcheMgyWe8BwuLS
TmVcI2GNTcM,, PL4xAk5aclnUi1CEFNwjcheMgyWe8BwuLS
trGR7nK4hP0,, PL4xAk5aclnUi1CEFNwjcheMgyWe8BwuLS
nUV_8aWAl5U,, PL4xAk5aclnUi1CEFNwjcheMgyWe8BwuLS
R6wwIsYCR6c,, PL4xAk5aclnUi1CEFNwjcheMgyWe8BwuLS
h-RIXX9UnfM,, PL4xAk5aclnUi1CEFNwjcheMgyWe8BwuLS
OZv2qi1NoPc,, PL4xAk5aclnUi1CEFNwjcheMgyWe8BwuLS
1cqCcNWkCvc,, PL4xAk5aclnUi1CEFNwjcheMgyWe8BwuLS
W0zUnmr9r4U,, PL4xAk5aclnUi1CEFNwjcheMgyWe8BwuLS
wsYTKO3YHEA,, PL4xAk5aclnUi1CEFNwjcheMgyWe8BwuLS
p_mmzNtqidI,, PL4xAk5aclnUi1CEFNwjcheMgyWe8BwuLS
D3Vh4eVN87M,, PL4xAk5aclnUi1CEFNwjcheMgyWe8BwuLS
rdyc_Zh1CGI,, PL4xAk5aclnUi1CEFNwjcheMgyWe8BwuLS
85YLu2fmW2U,,
gYZroO3mAlw,, PL4xAk5aclnUi1CEFNwjcheMgyWe8BwuLS
CWHIwJp76y0,, PL4xAk5aclnUi1CEFNwjcheMgyWe8BwuLS
12BbE7xxj3A,, PL4xAk5aclnUi1CEFNwjcheMgyWe8BwuLS
e5J8oNMFRtE,, PL4xAk5aclnUi1CEFNwjcheMgyWe8BwuLS
gohO4DlpqQE,, PL4xAk5aclnUi1CEFNwjcheMgyWe8BwuLS
zHPlcXAcx6k,,
DndA9hZwjyc,, PL4xAk5aclnUi1CEFNwjcheMgyWe8BwuLS
-jlK_8MfcyI,, PL4xAk5aclnUi1CEFNwjcheMgyWe8BwuLS
va03koo4bEE,, PL4xAk5aclnUi1CEFNwjcheMgyWe8BwuLS
zZ7yN4mvvsc,, PL4xAk5aclnUi1CEFNwjcheMgyWe8BwuLS
yYddSFKUp0w,http://www.learncheme.com/simulations/thermodynamics/thermo-2/three-intermolecular-potential-models,
gr3YXBcHvd8,,
3iQe_iGS6hw,,
PVBXpzZcR1Q,, PL587E12CFE1977F08
bHiTdSWap88,, PL587E12CFE1977F08
xNBoDIWPbKY,, PL587E12CFE1977F08
-kNiQGgTYK4,, PL587E12CFE1977F08
RK6FocAP3pQ,,
ZXcabPKSfJo,,
944oPcN1K_U,,
HryAsF6PmkQ,,
EOra9M_SqPg,,
cFSN6bvDXWQ,, PL587E12CFE1977F08
1XqOP04vu7A,, PL587E12CFE1977F08
Vjf-U248Bis,,
HZPTeUO6bgs,, PL587E12CFE1977F08
hl6bnb6UCCc,, PL587E12CFE1977F08
hLm8xfwWYPw,,
cL7XQ-uvsf0,, PL587E12CFE1977F08
JXvEJ_HlHD0,, PL587E12CFE1977F08
sBMbKi0Yx2g,, PL587E12CFE1977F08
EdKi3hROre4,, PL587E12CFE1977F08
tLTm_POao1c,, PL587E12CFE1977F08
76iraw-N3nE,,
0lIhyTIocr0,,
sQFSlmcOw4c,,
q-bj9WKeibs,, PL587E12CFE1977F08
F5XPNlrrXng,,
dsNQrW7ZiFw,,
LgDDCtV7Vyo,,
eXwBK-cRGIA,,
Zpb-gl8HSME,,
R9tIpNqAXKk,, PL587E12CFE1977F08
wToHBpVefUs,, PL4xAk5aclnUinQtClYe06rkcBQeZ369Ks
6uZXwUAgeU4,, PL4xAk5aclnUinQtClYe06rkcBQeZ369Ks
dIQe3lHabyc,, PL4xAk5aclnUinQtClYe06rkcBQeZ369Ks
F3-5sBMz6_M,, PL4xAk5aclnUinQtClYe06rkcBQeZ369Ks
y6bCBQhwtKQ,, PL4xAk5aclnUinQtClYe06rkcBQeZ369Ks
CO5-0Zrqh5o,, PL4xAk5aclnUinQtClYe06rkcBQeZ369Ks
a4ezfGkaYsY,, PL4xAk5aclnUinQtClYe06rkcBQeZ369Ks
vjC_DEkv-NY,, PL4xAk5aclnUinQtClYe06rkcBQeZ369Ks
v3WEs0LVnjQ,, PL4xAk5aclnUinQtClYe06rkcBQeZ369Ks
J3P6eJ-aWNA,, PL4xAk5aclnUinQtClYe06rkcBQeZ369Ks
nzNU5ShzePo,, PL4xAk5aclnUgmROgkCRPbO8-001RQ-BAQ
jUoo_7KQfO0,, PL587E12CFE1977F08
80GQKUtm4R4,, PL587E12CFE1977F08
REhUr6ecf90,, PL587E12CFE1977F08
0Tiies5OALk,,
wU6pna3kQrA,, PL587E12CFE1977F08
Zk08hWQje0M,, PL587E12CFE1977F08
K4ZuXrnl09s,, PL587E12CFE1977F08
jC5vv3ubVAM,, PL587E12CFE1977F08
_N1jWzx4JEQ,, PL587E12CFE1977F08
EiZAW0uxq_U,, PL587E12CFE1977F08
EN-h9qpdFGM,, PL587E12CFE1977F08
vNYbkMAvelI,, PL587E12CFE1977F08
DvJH15dfcCM,,
v4Uo5gMSqAg,,
BVgLOlI4z4I,, PL587E12CFE1977F08
3DZdoEi9XsE,,
ecDq2_9MvTk,,
lzxf48Mvvqo,,
HARo18a-G5c,, PL587E12CFE1977F08
U9tqvXYL9zw,,
DyoB0JpaNZA,, PL587E12CFE1977F08
pLNXPHv2U7w,,
qG8URPBYlwk,,
iUWFz294Cdc,, PL587E12CFE1977F08
D3epclQwBRc,,
LbrgwdXPhww,,
M-Br2bfjFM4,,
X6ZxqrXpbt0,, PL587E12CFE1977F08
_P8ghMk9F1A,, PL587E12CFE1977F08
DUsMy3_L_XM,, PL587E12CFE1977F08
PUiAFFLLXss,, PL587E12CFE1977F08
rNRBASQah-k,,
8atTmLXiOq0,,
GsafWwUqsbc,,
SOsdMTYN8tQ,, PL587E12CFE1977F08
FZWtoGC-1NQ,, PL587E12CFE1977F08
-mAY-1uKEYc,,
MeH28RRjrRQ,,
PS33wgF6u-s,, PL587E12CFE1977F08
Rpo8O7xQzeI,,
hBpVU0WMoVU,,
-yidi_YN9f0,,
-MP9l5acrzQ,, PL587E12CFE1977F08
u9VBTF3Z8VI,,
RtdxQScg06g,,
9RKXU2NMGG4,,
C-0JUhfqVx4,,
tcNNd7kQ8oU,,
biM9UxujHJ8,,
DUa1lvbjx9Q,,
wKSsOGVqoe0,, PL587E12CFE1977F08
spYUnxZVIbA,,
F454hB4hAq8,,
GSkAwpBlh5k,,
gWJBSubhCHM,,
jL8iQHAYJzw,,
3S_KDk8Ts7E,,
QhbnS2ynp9o,,
jR3BlvIDtfk,,
BELV3dN6oR4,,
T_IxwjpcUiU,,
uO4Hpygd5Wc,, PL587E12CFE1977F08
Sz8X6Jy1qws,, PL587E12CFE1977F08
6OKBAvvCbQo,, PL587E12CFE1977F08
zSy1OMSefww,,
9bFtkpCNgvc,, PL587E12CFE1977F08
0lOUtEmY5ug,, PL587E12CFE1977F08
OjVhhLYRWAU,, PL587E12CFE1977F08
Mo_sLhh6c8A,,
GTPO7wttzgU,, PL587E12CFE1977F08
CAvtJCmiMe8,, PL587E12CFE1977F08
PvIbB5GRCGA,, PL587E12CFE1977F08
9G_GQiJiJnc,,
N_l7vTnt6pw,,
G-XYlSKtGZ4,,
-xLRmr1oujI,, PL587E12CFE1977F08
i7gysQk7Bd0,, PL587E12CFE1977F08
JtrmOU1RIAM,, PL587E12CFE1977F08
x1Rr5JA3kqU,, PL587E12CFE1977F08
vdFdXfhR5_k,, PL587E12CFE1977F08
bmWrEu5KK38,, PL587E12CFE1977F08
_0mPQzFXL5k,,
gzIBC_6ZFXI,,
yo0GQX-e9s4,, PL587E12CFE1977F08
5XXiNa53gew,, PL4xAk5aclnUg8Ym6QGw9XUsPS6OveOyqo
9SIV9S_-bNk,, PL4xAk5aclnUg8Ym6QGw9XUsPS6OveOyqo
gOKuA6pklBQ,, PL4xAk5aclnUjkfGRkqxRKspPIvJ3mF035
AFD0UhWWU-Q,, PL4xAk5aclnUjkfGRkqxRKspPIvJ3mF035
wJKLmBderHY,, PL4xAk5aclnUg8Ym6QGw9XUsPS6OveOyqo
gdsJL1NZEfY,, PL4xAk5aclnUg8Ym6QGw9XUsPS6OveOyqo
RnpmsjtFEcI,, PL4xAk5aclnUg8Ym6QGw9XUsPS6OveOyqo
H8gccw8DltA,, PL4xAk5aclnUg8Ym6QGw9XUsPS6OveOyqo
Kh79RSSeoTQ,, PL4xAk5aclnUg8Ym6QGw9XUsPS6OveOyqo
QEOkiDlwibo,, PL4xAk5aclnUg8Ym6QGw9XUsPS6OveOyqo
8g_LB9J0RAQ,, PL4xAk5aclnUg8Ym6QGw9XUsPS6OveOyqo
n_yQnrh_E0Y,, PL4xAk5aclnUg8Ym6QGw9XUsPS6OveOyqo
MIHTrv0Pz1Y,, PL4xAk5aclnUg8Ym6QGw9XUsPS6OveOyqo
kobAxn7hwh4,, PL4xAk5aclnUg8Ym6QGw9XUsPS6OveOyqo
ADbd3Cff_XM,, PL4xAk5aclnUg8Ym6QGw9XUsPS6OveOyqo
w6ez67nhN1Y,, PL4xAk5aclnUg8Ym6QGw9XUsPS6OveOyqo
Y8ofS8jZHIg,, PL4xAk5aclnUg8Ym6QGw9XUsPS6OveOyqo
d1Xz40UQULE,, PL4xAk5aclnUg8Ym6QGw9XUsPS6OveOyqo
SkJr3ij4MVA,, PL4xAk5aclnUg8Ym6QGw9XUsPS6OveOyqo
TAHNGNUIi94,, PL4xAk5aclnUg8Ym6QGw9XUsPS6OveOyqo
Myjdqi5ZUFM,, PL4xAk5aclnUg8Ym6QGw9XUsPS6OveOyqo
guVwWJuVogY,, PL4xAk5aclnUg8Ym6QGw9XUsPS6OveOyqo
rcyi7aNayZE,, PL4xAk5aclnUg8Ym6QGw9XUsPS6OveOyqo
Azz5CfBzaqU,, PL4xAk5aclnUg8Ym6QGw9XUsPS6OveOyqo
6lVL-wczbsM,, PL4xAk5aclnUg8Ym6QGw9XUsPS6OveOyqo
_DOdlUDI-kI,, PL4xAk5aclnUg8Ym6QGw9XUsPS6OveOyqo
81ax82lKstg,, PL4xAk5aclnUg8Ym6QGw9XUsPS6OveOyqo
8K3yHoJJ0jA,, PL4xAk5aclnUg8Ym6QGw9XUsPS6OveOyqo
yDGbU9FeUBY,, PL4xAk5aclnUg8Ym6QGw9XUsPS6OveOyqo
3Wr7btJ4n5c,, PL4xAk5aclnUg8Ym6QGw9XUsPS6OveOyqo
KR7ihAtXhuI,, PL4xAk5aclnUg8Ym6QGw9XUsPS6OveOyqo
DHlvz_Vh2UE,, PL4xAk5aclnUg8Ym6QGw9XUsPS6OveOyqo
fongqg9LMJw,, PL4xAk5aclnUg8Ym6QGw9XUsPS6OveOyqo
pdKE_D4vZm0,, PL4xAk5aclnUg8Ym6QGw9XUsPS6OveOyqo
ir-ryFYT4PU,, PL4xAk5aclnUg8Ym6QGw9XUsPS6OveOyqo
nyJmt6cTiL4,,
vDRBlImmVas,, PL4xAk5aclnUinQtClYe06rkcBQeZ369Ks
tNQQPf_wDN8,, PL4xAk5aclnUinQtClYe06rkcBQeZ369Ks
mKrnrNXgvkU,, PL4xAk5aclnUinQtClYe06rkcBQeZ369Ks
GLIB1Zvtq9I,, PL4xAk5aclnUinQtClYe06rkcBQeZ369Ks
-0VWFPee8Qs,, PL4xAk5aclnUinQtClYe06rkcBQeZ369Ks
EryNax2fJfY,, PL4xAk5aclnUinQtClYe06rkcBQeZ369Ks
fv6OAVe2vQc,, PL4xAk5aclnUinQtClYe06rkcBQeZ369Ks
X0T2wWZEtOA,, PL4xAk5aclnUinQtClYe06rkcBQeZ369Ks
cAwucUAPeEo,, PL4xAk5aclnUgmROgkCRPbO8-001RQ-BAQ
_26D3TDKH8Y,, PL4xAk5aclnUgmROgkCRPbO8-001RQ-BAQ
eKZjEWyHDdQ,, PL4xAk5aclnUgmROgkCRPbO8-001RQ-BAQ
KrrZB5LvXF4,, PL4xAk5aclnUgmROgkCRPbO8-001RQ-BAQ
Qz3Eh2BCeu0,, PL4xAk5aclnUgmROgkCRPbO8-001RQ-BAQ
2GPZlRVhQWY,, PL4xAk5aclnUgmROgkCRPbO8-001RQ-BAQ
6jEAkMpApAc,, PL4xAk5aclnUgmROgkCRPbO8-001RQ-BAQ
yJeXaTLceTo,, PL4xAk5aclnUgmROgkCRPbO8-001RQ-BAQ
e300uMwDDmg,, PL4xAk5aclnUgmROgkCRPbO8-001RQ-BAQ
Kp3F-cJwIJ8,, PL4xAk5aclnUgmROgkCRPbO8-001RQ-BAQ
vha42Yqzrko,, PL4xAk5aclnUgmROgkCRPbO8-001RQ-BAQ
BzWahqwaS8k,, PL4xAk5aclnUgmROgkCRPbO8-001RQ-BAQ
kigdbhIhIyw,, PL4xAk5aclnUgmROgkCRPbO8-001RQ-BAQ
1YZnic1Ug9g,, PL4xAk5aclnUjkfGRkqxRKspPIvJ3mF035
ORvDlbanMJ8,, PL4xAk5aclnUjkfGRkqxRKspPIvJ3mF035
XCbmA7Ycue4,, PL4xAk5aclnUjkfGRkqxRKspPIvJ3mF035
iDDyZl7la8Y,, PL4xAk5aclnUjkfGRkqxRKspPIvJ3mF035
-enSqEqMbK8,, PL4xAk5aclnUjkfGRkqxRKspPIvJ3mF035
kUcc8vAgoQ0,, PL4xAk5aclnUjkfGRkqxRKspPIvJ3mF035
z3XP-D1F8MA,, PL4xAk5aclnUjkfGRkqxRKspPIvJ3mF035
xPwOuO5CCqA,, PL4xAk5aclnUjkfGRkqxRKspPIvJ3mF035
nyJmt6cTiL4,, PL4xAk5aclnUjkfGRkqxRKspPIvJ3mF035
q6WdsIJVl9M,, PL4xAk5aclnUjkfGRkqxRKspPIvJ3mF035
o5I0lva2e4w,, PL4xAk5aclnUjkfGRkqxRKspPIvJ3mF035
VZ9fAqggbXk,, PL4xAk5aclnUjkfGRkqxRKspPIvJ3mF035
jNRiPFBFAYo,, PL4xAk5aclnUjkfGRkqxRKspPIvJ3mF035
lkUj-JVbQ04,, PL4xAk5aclnUjkfGRkqxRKspPIvJ3mF035
g_bBf0i3NEI,, PL4xAk5aclnUjkfGRkqxRKspPIvJ3mF035
ujcZc5sPX4c,, PL4xAk5aclnUjkfGRkqxRKspPIvJ3mF035
qkQEBcrJ5IQ,,
6eL6--VBU-0,, PL4xAk5aclnUh8r_Ro8iBcV4OU6u6QSQ1F
y9YHkQxGoak,, PL4xAk5aclnUh8r_Ro8iBcV4OU6u6QSQ1F
HO25ps3VtWY,, PL4xAk5aclnUh8r_Ro8iBcV4OU6u6QSQ1F
TuiUbOUU8OY,, PL4xAk5aclnUh8r_Ro8iBcV4OU6u6QSQ1F
3M7pm41Jfuo,, PL4xAk5aclnUh8r_Ro8iBcV4OU6u6QSQ1F
kI8UGJZVW8w,, PL4xAk5aclnUh8r_Ro8iBcV4OU6u6QSQ1F
msUqo7RNweA,, PL4xAk5aclnUh8r_Ro8iBcV4OU6u6QSQ1F
ZMHKGWepqz8,,
-1DVqWmZ9tU,, PL324604EAA66EA2F2
9IiigcVXrjQ,, PL324604EAA66EA2F2
lMVvOKH-dyY,,
O9kNn554vcM,,
kNqgqHAMmPI,,
GBN9hUx_ftY,,
swJQ42Q_Ou4,, PL324604EAA66EA2F2
PPhFCvjPjV4,,
vdCgs4HtPx4,, PL324604EAA66EA2F2
ZmI21Be76zs,, PL324604EAA66EA2F2
SVJF7mAj2Dw,, PL324604EAA66EA2F2
L8df2aYX6Dc,, PL324604EAA66EA2F2
lGPWMlI0urk,, PL324604EAA66EA2F2
89QhKsodIZ4,,
eZTQVF2xrd0,,
B0P-pf6p7qg,, PL324604EAA66EA2F2
YdLeLvNfE-w,, PL324604EAA66EA2F2
PezcU4hHML4,, PL324604EAA66EA2F2
eIPE6kcqb-0,,
NgG1FVLDB0U,,
RpV6kjrKMYI,, PL324604EAA66EA2F2
JHwlWDhYuJQ,, PL324604EAA66EA2F2
7bq_kGo8j3o,, PL324604EAA66EA2F2
72PVD_IZP2k,, PL324604EAA66EA2F2
w9aEC9F78hI,, PL324604EAA66EA2F2
cO-bz63IsdU,,
yA7hEGgdPCM,, PL324604EAA66EA2F2
R6Ve9MDFhQo,,
YASciPQdF8E,,
FPEiOYbv-0g,, PL4xAk5aclnUiEZSsBRGoNBKKn8FULDaXt
fY5JPHtjOiY,, PL4xAk5aclnUiEZSsBRGoNBKKn8FULDaXt
vdypIGA6NFs,, PL4xAk5aclnUhe9THpfogQMwdAeiinmHDO
F4xhejXyhNU,,
sUjDUW_08Ms,, PL324604EAA66EA2F2
4f7auOMrpuE,,
GKFuJmslWZc,,
ReE4IQGEX1Y,, PL324604EAA66EA2F2
klo1nfL9e-8,,
K2FIU7U5lf0,,
n2IG1PyIS0M,,
5-81pm-NZ0o,,
LXK1zDjBUzw,,
7SDmZRkbCbA,,
3YamfjMVzIo,,
IC4lqBFueJ4,,
I0l_vOBczp0,, PL324604EAA66EA2F2
KAvy5P88lms,,
iY64C0uU4Qw,,
s6Xsk1jvCSo,,
WkM1tCZDM2c,, PL324604EAA66EA2F2
tejKRDDOdpQ,http://www.learncheme.com/simulations/fluid-mechanics/forces-on-a-partially-submerged-gate,
5Acz3SuPhOo,http://www.learncheme.com/simulations/fluid-mechanics/forces-completely-submerged-gate,
AgGSjePZ8AU,, PL4xAk5aclnUiEZSsBRGoNBKKn8FULDaXt
X5Qr2Xr4YEw,,
Ij5V_kXyS7M,,
mepAOs_EvuI,, PL4xAk5aclnUhe9THpfogQMwdAeiinmHDO
VokZdqHuG0c,, PL4xAk5aclnUhe9THpfogQMwdAeiinmHDO
wHGUJTSMjOo,,
Q1opScBlMkA,, PL324604EAA66EA2F2
EGrWGfI30dQ,,
HwqPwQzUZrc,, PL4xAk5aclnUiEZSsBRGoNBKKn8FULDaXt
eLSv547-zGI,, SP4xAk5aclnUiEZSsBRGoNBKKn8FULDaXt
oh_xfMzFFkE,, PL324604EAA66EA2F2
Vc5V-ooTfs4,,
-HQ4t8JX1TY,, PL324604EAA66EA2F2
WHC80JxxUWs,, PL324604EAA66EA2F2
cs-X__eLIwg,, PL324604EAA66EA2F2
FPChsZAOIjM,, PL324604EAA66EA2F2
fm8rmktO4DU,, PL324604EAA66EA2F2
OZdxBap-eS0,,
dwh1pAOFeOw,,
hqrtMVFxxxw,,
RxCjzJFBKhE,,
fcnTyApehS8,,
nL6kCMB4TZk,,
dpFOdRvmrCk,, PL324604EAA66EA2F2
IXkmXBYpB8U,, PL324604EAA66EA2F2
uCPivZ5V130,, PL324604EAA66EA2F2
tIuCbp2DydA,, PL324604EAA66EA2F2
1S3VOWNrEi4,, PL324604EAA66EA2F2
TaFF_eJ_nfQ,,
hXApWf1r0Eo,, PL324604EAA66EA2F2
sQ7lRHyBlKk,,
fraR3TidMiI,,
ZtNgbD4e-5Q,,
gc2Xiuxdots,,
yA_O3n4biVo,, PL324604EAA66EA2F2
Gx7x45bOXdI,,
35wgmdon6L4,,
kyTavlVpirw,, PL4xAk5aclnUj8lyF3e7pkfQGKhtxPb8N9
wUV16RMihtY,, PL324604EAA66EA2F2
MbZ68iZt-14,, PL324604EAA66EA2F2
bspnf00z4CU,,
NvrVKHVUcb0,,
1loOwh3xeiQ,,
zdxTVbLQqtU,,
2fz-omqOVGU,,
2jQ1jA8uJuU,,
oIg2SxjF_Mg,,
F4Ii4iKmBeo,,
QBhPks46Wl8,,
lGIp5Et98vY,,
MkUnEJqT0sQ,,
6RJVaMmQIfc,,
3a84yksq0_U,,
VOMO7zsvHsM,,
cN6FxyPR9kg,, PL324604EAA66EA2F2
Dvs_AV4JYdw,,
DaJCf0elO78,,
m5Ub9aMi0YA,,
RBrzlpfRk7w,,
Jeh_DSf0WXY,,
qCynw9u4nNI,,
Qb51gXzlZ-0,,
CwO8a5mP13A,,
RV0BV5EGtXw,,
U9HCA4zdT6w,,
wrrLCaCPCFY,, PL324604EAA66EA2F2
B2VskTJr_Hs,, PL324604EAA66EA2F2
riBUaRI3pGM,, PL324604EAA66EA2F2
Ls5HS2MLXpg,, PL324604EAA66EA2F2
5_Jyv30T11o,,
Vux2sGC7tIY,,
JH3l-NliCkM,,
7zkT41q3A2s,, PL324604EAA66EA2F2
vSXG9GS8QDE,,
rlAOwmHh3CM,,
mLfSCz1Vuu0,,
xLQNqwPUuN4,, PL324604EAA66EA2F2
pVLCmT5lkw4,, PL324604EAA66EA2F2
UCWYMwx8kjg,, PL324604EAA66EA2F2
mtoHgKdXLJk,, PL324604EAA66EA2F2
Cj8-vu2zsQI,,
oe-jAK5i5dw,,
4IeUFlteKLg,,
kReis9KSFfQ,, PL4xAk5aclnUiEZSsBRGoNBKKn8FULDaXt
iPA6UvPlCRk,, PL4xAk5aclnUiEZSsBRGoNBKKn8FULDaXt
FX2NFNxx-yw,, PL4xAk5aclnUiEZSsBRGoNBKKn8FULDaXt
uvhaTh6cOM0,, PL4xAk5aclnUiEZSsBRGoNBKKn8FULDaXt
ZNKC63mKRhk,,
FZqU8HKEtv8,, PL324604EAA66EA2F2
4VoJnSM2fbg,,
d6R6vqRu6tQ,,
jSL08Fp5bG4,, PL4xAk5aclnUiEZSsBRGoNBKKn8FULDaXt
E46oiiOaPpk,,
Qnnk_4mO1PM,,
kWZHsT5Aofw,, PL324604EAA66EA2F2
U8NdSlN0nBA,, PL324604EAA66EA2F2
lGUNsdAMr5U,, PL324604EAA66EA2F2
nzG2KfsJkSE,, PL324604EAA66EA2F2
5BH4iSTv16Y,, PL324604EAA66EA2F2
98k72JJgkkI,, PL324604EAA66EA2F2
8E5KqDPEImU,, PL324604EAA66EA2F2
ZTCc88D2HAc,,
y0hvefFLWFM,, PL324604EAA66EA2F2
ei6w2i0wQgU,,
rKXv6dGAllM,,
kJlJoAKveJA,, PL324604EAA66EA2F2
9243ux7X0fU,, PL324604EAA66EA2F2
4OQa868ZwJE,,
47-R7go5ZYI,,
C91JFO3z5d4,,
IDRBBC3es4Q,, PL4xAk5aclnUiEZSsBRGoNBKKn8FULDaXt
6JtQm0s3lkM,,
SFvjml8SZKE,,
5glOutYffeM,,
IlSIVFtGj8M,,
CAQ9_reH0Zg,, PL4xAk5aclnUiEZSsBRGoNBKKn8FULDaXt
o4cyptbQucw,,
yTWynIf27tw,,
LKpDw_LvgKw,, PL324604EAA66EA2F2
rfGHZX-JGQU,,
-xQmM_wp_u8,,
YFUdlewie9o,,
wSSjYIKhwqI,,
SdNXzhfxbgk,,
_SJpXQh2KCE,,
Gpjf6DezddI,,
fEPxEp7jwbI,,
1T2l1JAd5g4,,
jy7WRNAjpl8,, PL324604EAA66EA2F2
vpO1qztx7n8,, PL324604EAA66EA2F2
C8kSEipsI6A,, PL324604EAA66EA2F2
epp_mgfTmOQ,, PL324604EAA66EA2F2
ABstmf0j9rc,,
HI9sycg7oJY,,
xZEVpE4qx2o,,
8MbD84cjuik,,
Cb0GKxbfcyE,,
FfRL_pvXXHA,,
R3Eurfc5Bos,, PL324604EAA66EA2F2
MA1BlEXXP5E,,
bV0XPz-mg2s,,
bohY9WWL89Y,,
3HMq1O0xI_4,,
F0mq66mmKZo,,
3fYIw0qoiXY,,
DkJt7668kFI,,
cnLH2uIgQRk,,
aN9rC65byCk,,
6PQCuuJ0iYs,, PL324604EAA66EA2F2
1wInQKMDXJw,,
Ebx5gI8Fgfs,,
wOfmvoBNHZU,,
OENK5YqwE-A,, PL324604EAA66EA2F2
ZglbpJ_31qg,,
aQsXHBlIBRk,,
_SJpXQh2KCE,,
NwOZ1tSe9hs,,
4pz7IgnJG4Y,,
9WwSaIP5pbs,,
h2thnSkGEDk,, PL242066E80621CC10
_F09zV0n22o,,
XPZ5SD07eVc,,
AS83QF4X_2M,,
KRklpKkuMx0,,
R-5McNR2274,,
yVkv_dffwxY,,
qBNiIk8XOiY,, PL242066E80621CC10
rArjlreclXc,, PL242066E80621CC10
2kYhQKGSx-U,, PL242066E80621CC10
li1xB0qdm1Y,, PL242066E80621CC10
a3O1D6vkbfw,, PL242066E80621CC10
YmlpPyF9wgY,,
8KepC0zicMU,,
Xrr6LImuc90,, PL242066E80621CC10
QOWTe-ESWC4,, PL242066E80621CC10
iFoC2hd_lu8,, PL242066E80621CC10
4QacGYOWy2c,, PL242066E80621CC10
THdVzaJItb8,, PL242066E80621CC10
jIZEaeuj5Lg,, PL242066E80621CC10
u9W8CGQy_ZU,,
O9YvY1WLyrg,http://www.learncheme.com/simulations/heat-transfer/plane-wall,
YAJbZKrPHsM,, PL242066E80621CC10
zH53bKHCtv4,,
RlFQjAy08ow,http://www.learncheme.com/simulations/heat-transfer/compare-fins,
dg-CuuZVNSQ,,
HZI65RuGa4M,,
Pqz9sRykD90,, PL242066E80621CC10
ZvEsCf-68A4,,
RyaE1Phv-ZQ,, PL242066E80621CC10
346Lc0vFtIA,, PL242066E80621CC10
x9V7QywHACA,,
rDc9JjCsQr8,http://www.learncheme.com/simulations/heat-transfer/lumped-capacitance-model-vs-full-model,
_Kpoae8Umx0,, PL242066E80621CC10
wurIoX4gZic,,
JEsrgjgUOY0,,
q1l1JJ7Troc,, PL242066E80621CC10
EmhGUVnzxzk,,
EMc-C1P_j44,, PL242066E80621CC10
pWhERjMwJP0,, PL242066E80621CC10
fZF-zFgY2Ko,, PL242066E80621CC10
K35FupT8-04,, PL242066E80621CC10
vdIye_TQ6Wo,,
9p8o2MGr9ko,,
C_kPHlgpdZ0,,
4jOJeZT8cCw,http://www.learncheme.com/simulations/heat-transfer/boundary-layer,
NelPOCGucz8,,
I0sRaDawarU,, PL242066E80621CC10
v7v7_3ZKU_I,, PL242066E80621CC10
d8y-Xmabdys,, PL242066E80621CC10
ipgpO4RPuWA,,
y4m4BUxMwBs,,
Rqw3I5Wg_AQ,,
CchZ5BZWQ0g,, PL242066E80621CC10
b479tjo772Q,, PL242066E80621CC10
EvX5ooEJ6vQ,,
rfGHZX-JGQU,,
P2eN2EApGEY,, PL242066E80621CC10
RCpSZ_rVGm0,,
9F_boDp87DE,, PL242066E80621CC10
WDqcoDxeXHU,,
rjJciObMiE8,, PL242066E80621CC10
xXjsgs22qvk,, PL242066E80621CC10
fEPxEp7jwbI,,
QaIhVv1UBAY,, PL242066E80621CC10
XFOovhEhUNI,, PL242066E80621CC10
9E2B85NGNTI,, PL242066E80621CC10
Gs8Pn1ZU2do,, PL242066E80621CC10
1T2l1JAd5g4,,
7D8n-lLIV24,, PL242066E80621CC10
QQ3KRFQB-XA,, PL242066E80621CC10
_Irk3VFISP0,, PL242066E80621CC10
4Oh0wNIZrmk,,
t_dsbkmlexM,,
XrdK6d6R4Jc,, PL242066E80621CC10
kNT88CcpLyM,, PL242066E80621CC10
z_vQyG5njLo,,
T43WMtKJaCo,, PL242066E80621CC10
BR33QR8kkrE,, PL242066E80621CC10
OEsKrbCrmM4,, PL242066E80621CC10
mGzreZwoaJ0,,
gNdkePWirNA,, PL242066E80621CC10
NOO33x21cRE,,
rzDyHoJRRBk,http://www.learncheme.com/simulations/heat-transfer/heat-exchanger,
R2ELYQ5ohc8,,
AivvyYrPvtM,,
DBAaLUODpGM,,
BCzxncr0VWQ,,
ASoJ4qZMGcw,, PL242066E80621CC10
yPgRWyAQS-0,, PL242066E80621CC10
RqxaO6RCf70,, PL242066E80621CC10
bFEZcNtHuTk,,
2I5IhwKnhZI,,
_FH-vG5N6gM,,
GZbp6PJRM-w,,
JzhHxQZ9oqU,,
ezeRKqiDGlA,,
GF1mV96KlkI,, PL242066E80621CC10
epioKYRRpPI,, PL242066E80621CC10
-Hk6iPb4yfM,, PL242066E80621CC10
8zyU_EMXUOY,, PL242066E80621CC10
d46N99D-90s,, PL242066E80621CC10
UIfRBB49MC4,, PL242066E80621CC10
ORvDlbanMJ8,, PL25CBC8287575CFB4
vO_pbVbLCNM,,
rLqYiivj744,,
YVoClr1Y5Js,,
kUcc8vAgoQ0,,
xPwOuO5CCqA,,
_CRbEyQelrQ,http://www.learncheme.com/simulations/kinetics-reactor-design/batch-reactors-at-constant-volume-or-constant-pressure,
_s5csM17Bxg,, PL25CBC8287575CFB4
h4z979NFmWA,,
MNibxUeQJoQ,, PL25CBC8287575CFB4
-vuJnQLLkf4,,
Z_Ltf60vxz8,, PL4xAk5aclnUj1muMDUVRC-6mfimBzoxWX
AN-mcZRUbWQ,, PL25CBC8287575CFB4
fIGmRtBJUYs,,
qE1vgOJtZzs,,
854owkFtSFs,,
im6jNzr70KQ,, PL25CBC8287575CFB4
K3grHeNit0Q,, PL25CBC8287575CFB4
KzMRcACcvsA,, PL25CBC8287575CFB4
i_Y9kHZhxoc,,
2P2HPsoEaKc,,
XPIIpXU1xWY,,
iWrziHghLRs,,
JuwVGUZZswI,,
xrOdRKzlkcE,,
Eu4sx_mTttc,,
R0UGVSjHEyY,, PL4xAk5aclnUiKXdAQ5nXk7t2sw6hP1R3N
8jO6CWJXF3I,,
0xgtydyO4rE,,
i_Y9kHZhxoc,,
eC8qwSvlp5M,http://www.learncheme.com/simulations/kinetics-reactor-design/multiple-steady-states-in-a-cstr,
4Hxav_zn5lU,, PL25CBC8287575CFB4
CaCGKPY-S6Q,,
FkOKV_O1CxM,http://www.learncheme.com/simulations/kinetics-reactor-design/reaction-in-an-isothermal-cstr,
9s1cgASSsSU,, PL25CBC8287575CFB4
xrOdRKzlkcE,,
bA3mjYuzWxU,http://www.learncheme.com/simulations/kinetics-reactor-design/density-cannot-be-ignored-in-a-pfr,
_MsM8_jq6Yo,,
pZ_KxlI2cig,,
KqoAJtMnImY,http://www.learncheme.com/simulations/kinetics-reactor-design/effect-of-tube-diameter-pfr,
0xgtydyO4rE,,
lQlHnqx8mL4,,
xe9xdyZ487k,, PL25CBC8287575CFB4
Dla6iFoefU4,, PL25CBC8287575CFB4
O-Hv3GF0BuA,http://www.learncheme.com/simulations/kinetics-reactor-design/isothermal-plug-flow-reactor,
reLc8eZMTw4,http://www.learncheme.com/simulations/kinetics-reactor-design/isothermal-plug-flow-reactor-with-recycle,
i_Y9kHZhxoc,,
MqHvapTy21I,,
Xv1tcwIQ1Jw,,
AOxqN18sA04,,
RAIzVl7e-fo,, PL25CBC8287575CFB4
Cog-KKRFtew,,
4Hxav_zn5lU,, PL25CBC8287575CFB4
AoP4g5TR0tI,,
fXuJPN7b3Sw,,
8H_hphFztio,,
hxa_6iw22VI,http://www.learncheme.com/simulations/kinetics-reactor-design/volumetric-flow-rates-in-a-pfr,
Zpb-gl8HSME,,
UoOVPGrCc6E,,
jA42S6599fY,,
zN9CKd-SIn0,,
Tbte1pGSBmA,,
onJ_bSjBxX0,,
toGV2wDJSag,,
c2K_FO-iDYw,,
VTBeZxUsCf8,,
go2UuS5dAYA,,
f_D-0WsuPTA,http://www.learncheme.com/simulations/kinetics-reactor-design/minimized-volume-for-reactors-in-series,
Ce3IeFI9C4w,,
oq3WvSj5DuY,,
zyNlQu0fCn8,,
ieT-pE89PV4,,
6dAgWorPXfo,,
SkpMyaD7naQ,,
W0nBlI51-Xc,,
ulG_UEplXbY,, PL25CBC8287575CFB4
KOmmYX_6czk,,
WAIUMMBNeJg,,
dYKStb6tfmI,,
R8rjBYOgz34,http://www.learncheme.com/simulations/kinetics-reactor-design/membrane-reactor-for-an-equilibrium-limited-reaction,
Yh9XdLJcTi4,,
Xc6doO4Kh9k,, PL4xAk5aclnUhonhubpFO2MSxOSwCOa3lG
67P5BdtGVWA,,
zYA1cYDghUw,,
uJXOCpDhuSQ,,
--cZwa2TXhY,,
EdgPwFzRLiU,, PL4xAk5aclnUhonhubpFO2MSxOSwCOa3lG
Gq5Yyu2B1pw,,
a8mNgCqQOIc,http://www.learncheme.com/simulations/kinetics-reactor-design/adiabatic-pfr-with-recycle,
azRI_E49Pcs,, PL4xAk5aclnUhonhubpFO2MSxOSwCOa3lG
eiaxsFGHkl8,, PL25CBC8287575CFB4
cjpkLFIQPJc,, PL25CBC8287575CFB4
4SUsuLVFu3A,,
_7b5Ov8FnHc,, PL4xAk5aclnUiKXdAQ5nXk7t2sw6hP1R3N
R3Saw05Stv8,http://www.learncheme.com/simulations/kinetics-reactor-design/scale-up-of-a-batch-reactor,
aIrWKsZlkv0,,
EaipL--xG0w,,
cRkixYj273I,,
T2LzjEWXero,,
zVSo7hxkFpg,,
n5ph0alue1Q,http://www.learncheme.com/simulations/kinetics-reactor-design/sensitivity-of-pfr-to-model-parameters,
reLc8eZMTw4,http://www.learncheme.com/simulations/kinetics-reactor-design/reversible-reaction-in-an-adiabatic-pfr,
krd79pWOjGM,, PL25CBC8287575CFB4
c9uhhH81EtI,,
WfoRyRXsrxA,http://www.learncheme.com/simulations/kinetics-reactor-design/autothermal-reactor,
PYKhPXDr4Fg,,
R5L2JE4UezE,,
Q2_g8pckngc,,
CZby8eWx-O4,http://www.learncheme.com/simulations/kinetics-reactor-design/cstr-that-loses-cooling,
ilKyJeKNAfI,,
9MauG9JoeMI,, PL25CBC8287575CFB4
z9gba5wIdA0,, PL25CBC8287575CFB4
f4pAPEaN5PU,, PL25CBC8287575CFB4
hJgi9d1Hqi4,, PL25CBC8287575CFB4
e70lvgg1C7g,,
3dpwo3ZgM0g,,
GAx0FwIg0U4,http://www.learncheme.com/simulations/kinetics-reactor-design/parametric-sensitivity-of-pfr-with-heat-exchange,
E4ly5_TkUSA,http://www.learncheme.com/simulations/kinetics-reactor-design/pfr-with-heat-transfer-jacket,
LpfesLrJAzY,,
wsdhn_GF4Fc,,
RZJfufqZKmE,,
qZjsnbCwbEk,,
P-2yZ4P2FMM,, PL25CBC8287575CFB4
bPlnXh47jiI,,
598e__4yzqI,http://www.learncheme.com/simulations/kinetics-reactor-design/multiple-steady-states-in-cstr-with-heat-exchange,
J2NmgT1onuU,,
eC8qwSvlp5M,http://www.learncheme.com/simulations/kinetics-reactor-design/multiple-steady-states-in-a-cstr,
Hpn9jIc4ai0,,
coJ1yjadWGs,,
2dFY_tZnYII,,
H6CRwdDFt4U,,
lcy9fpgfB_s,,
A-XSB8m4TKw,, PL25CBC8287575CFB4
p5PDmWDgWEo,, PL25CBC8287575CFB4
hreAO6Iqraw,,
pJJZMcAo44g,, PL25CBC8287575CFB4
XabY4vAU2WU,,
6-6fRa-AZPE,, PL4xAk5aclnUgrmghoS2NWI_ZktPSZKFwa
__90F8k8X78,,
fbFkGmHyyE4,,
X9NIQ3KBd8I,, PL25CBC8287575CFB4
dRgPqnG70TQ,,
QuNr1mnF-pQ,, PL25CBC8287575CFB4
lYQWtyiVwGY,, PL4xAk5aclnUiKXdAQ5nXk7t2sw6hP1R3N
8HwlMqXfQcE,,
v7CMXuKrJC8,,
YX8FVyqw_Yo,,
zFs5khfdkz0,,
D-6ACSW8E7w,,
3-mj0Cx0JbA,, PL4xAk5aclnUhhGdNvGB54V8IrIHgeN7jC
pq5TtzVoZdM,, PL4xAk5aclnUhhGdNvGB54V8IrIHgeN7jC
EyAln4sDxmg,, PL4xAk5aclnUhhGdNvGB54V8IrIHgeN7jC
IdY3I6wVrJw,, PL4xAk5aclnUhhGdNvGB54V8IrIHgeN7jC
LYg09zrwp_g,,
mO3lbTMQ7To,,
xf4GvxiUh4I,,
SWJAsgEsNX8,,
3myUrMah1Wo,, PL25CBC8287575CFB4
DJAkaUmfRWM,,
ud_5fYsk67s,,
ovp2qmRzm3I,,
6ZRPt1Pm5yQ,,
nEQY5TxQ2-c,, PL4xAk5aclnUhZ2y2RW-yzKCyTokYpjg63
toNzhxKKku4,, PL4xAk5aclnUiGEoKb9LbtoAQbAOr_xued
p18s3ePn7jM,,
6PT9Di51zKk,,
37D2ty4jMi8,,
DGNw4S7MtZs,, PL25CBC8287575CFB4
va03koo4bEE,, PL4xAk5aclnUiGEoKb9LbtoAQbAOr_xued
u_dOZS1wo-k,, PL25CBC8287575CFB4
nS8E8IOIaKw,, PL25CBC8287575CFB4
kI9yO9_ss7s,,
zZ7yN4mvvsc,, PL4xAk5aclnUiGEoKb9LbtoAQbAOr_xued
zoMQuq-OfZs,, PL25CBC8287575CFB4
QYn5ce5VNgA,,
fM8EJjn6Xp8,,
-O2JGXD9emE,,
Q38XiPQMDok,,
sISjAo-b0H4,, PL25CBC8287575CFB4
8ZCqkyMJqsU,,
yVkpq20OtcE,,
G5JZsVjCYbY,,
1hbPaI7op-4,,
WP7DoHgU78c,, PL25CBC8287575CFB4
zWcm_Z0Dm_s,,
RW-4-Uu-Lm0,,
ZmdDdZda720,,
JFtnKRsl4xM,,
z3XP-D1F8MA,,
Mj8Pb-0aLd0,,
x9aQwI5BF4A,,
vDRBlImmVas,, PL4xAk5aclnUinQtClYe06rkcBQeZ369Ks
tNQQPf_wDN8,, PL4xAk5aclnUinQtClYe06rkcBQeZ369Ks
mKrnrNXgvkU,, PL4xAk5aclnUinQtClYe06rkcBQeZ369Ks
GLIB1Zvtq9I,, PL4xAk5aclnUinQtClYe06rkcBQeZ369Ks
-0VWFPee8Qs,, PL4xAk5aclnUinQtClYe06rkcBQeZ369Ks
dIQe3lHabyc,, PL4xAk5aclnUinQtClYe06rkcBQeZ369Ks
X0T2wWZEtOA,, PL4xAk5aclnUinQtClYe06rkcBQeZ369Ks
F3-5sBMz6_M,, PL4xAk5aclnUinQtClYe06rkcBQeZ369Ks
y6bCBQhwtKQ,, PL4xAk5aclnUinQtClYe06rkcBQeZ369Ks
CO5-0Zrqh5o,, PL4xAk5aclnUinQtClYe06rkcBQeZ369Ks
a4ezfGkaYsY,, PL4xAk5aclnUinQtClYe06rkcBQeZ369Ks
vjC_DEkv-NY,, PL4xAk5aclnUinQtClYe06rkcBQeZ369Ks
v3WEs0LVnjQ,, PL4xAk5aclnUinQtClYe06rkcBQeZ369Ks
J3P6eJ-aWNA,, PL4xAk5aclnUinQtClYe06rkcBQeZ369Ks
nzNU5ShzePo,, PL4xAk5aclnUgmROgkCRPbO8-001RQ-BAQ
3S4PncP4-WU,, PL4xAk5aclnUj1muMDUVRC-6mfimBzoxWX
xzH4x_0erXE,, PL4xAk5aclnUj1muMDUVRC-6mfimBzoxWX
xAsBmes3xqk,,
bRg1cYe-mAA,, PL4xAk5aclnUj1muMDUVRC-6mfimBzoxWX
P98KdQCYZ3w,, PL4xAk5aclnUiKXdAQ5nXk7t2sw6hP1R3N
5RoyM7V27xM,http://www.learncheme.com/simulations/kinetics-reactor-design/selectivity-in-a-semibatch-reactor,
-vuJnQLLkf4,,
PvgoemxUvh0,http://www.learncheme.com/simulations/kinetics-reactor-design/batch-reactor-with-multiple-reactions,
SqPO5UUxO_Y,, PL4xAk5aclnUj1muMDUVRC-6mfimBzoxWX
i8eTZaXb_g0,,
xwMRDuXUUDs,,
0b64iHuTuOk,, PL25CBC8287575CFB4
YFOsWAB7qtg,,
iIuwPyhTwoc,,
ZqtYO5bgrRw,, PL4xAk5aclnUj1muMDUVRC-6mfimBzoxWX
pYu4BlHrJGo,,
ddLABzbxNCs,,
2yPwvRcQb-E,,
zzOhknnxFSc,, PL4xAk5aclnUj1muMDUVRC-6mfimBzoxWX
sI5Zf8eUuAk,,
M0XO_5Xvi_o,,
ivJ_r3UwDv0,http://www.learncheme.com/simulations/kinetics-reactor-design/series-reactions-in-a-batch-reactor,
ZDdnOz49Bec,,
VH2InSXKn-Y,,
smgIMQyem1U,,
pU11PLZp8iE,,
P1q-ZQhTjas,,
dnazFIVhOKs,,
nEQY5TxQ2-c,, PL4xAk5aclnUhZ2y2RW-yzKCyTokYpjg63
wzzWE3LmtVI,,
jql-aOIqo9s,, PL4xAk5aclnUiX_3Z-kR-ExMr5z0wMn1Bx
pZLiqvrFGYY,, PL4xAk5aclnUiX_3Z-kR-ExMr5z0wMn1Bx
QdTgcvBdWiM,,
v2fyeP6LNN4,,
kz818kFZ3Sg,, PL25CBC8287575CFB4
mJHdBW3-_zU,,
UJ87JSpGQ1A,,
hgbgOQpAt5g,,
ts9OEX2xdzE,,
cHzyApWlbmA,,
39kf7YdwNOs,,
DJ4dho7Exb0,,
2BKpfNB1FRs,, PL25CBC8287575CFB4
1A23PZOmeIA,,
T6CKM8DVTbY,,
L_bzv0bbU4M,,
EryNax2fJfY,, PL4xAk5aclnUinQtClYe06rkcBQeZ369Ks
fv6OAVe2vQc,, PL4xAk5aclnUinQtClYe06rkcBQeZ369Ks
wToHBpVefUs,, PL4xAk5aclnUinQtClYe06rkcBQeZ369Ks
6uZXwUAgeU4,, PL4xAk5aclnUinQtClYe06rkcBQeZ369Ks
-v3Ml9ARPfg,,
aTfknydorXA,,
5XXiNa53gew,,
p2MLUB8Us5g,,
sxKNfB3bwQQ,,
9SIV9S_-bNk,,
gOKuA6pklBQ,,
AFD0UhWWU-Q,,
wJKLmBderHY,,
-enSqEqMbK8,,
nyJmt6cTiL4,,
EKYnrwGB5eE,,
smgIMQyem1U,,
pJJZMcAo44g,, PL25CBC8287575CFB4
SkXWnQBm48Y,,
Oxvok3_on3o,,
MUYHHxllK8k,,
q06XOQXfG1I,,
pXErV4asH9I,,
I97x4QnEJX4,,
8FjW_t5tesE,,
ovQXDFwgDvQ,,
GqJ_5q2GYJU,,
oAF3Ky-9A9s,,
W3_qbXxYibg,,
ebXwdZkFcSQ,,
D-K8-i3Lz74,,
wLQRPQvW1HE,,
e1QpLr1YW7U,,
fngmy5pIsmg,,
jW1an4yAiz4,,
TktAG1l7oTA,,
im6jNzr70KQ,, PL25CBC8287575CFB4
K3grHeNit0Q,, PL25CBC8287575CFB4
xe9xdyZ487k,, PL25CBC8287575CFB4
Dla6iFoefU4,, PL25CBC8287575CFB4
v2B2vU28DYc,,
-s-e_z_UiBM,,
Tgr8FlC-4Fg,,
asux_IOmutM,,
CYnAePB_8sA,,
CAAhpaxkWtk,,
UKRKCAaLsBg,,
r9fOyP-ZNj8,,
lHsM378zkGM,,
Qfie3dTnyIQ,,
BJLJ26BR7zU,, PL25CBC8287575CFB4
6EzvknlWFCs,,
kLvUXZa_Xag,,
aHQvR0vcGL0,,
Ce3IeFI9C4w,,
UIAT3Yo-Gyg,,
JiRdc_SztRo,,
GAHejGry1sg,,
GL4Nfpbppgg,,
ILD_Wa-wjwE,,
sWIRl0dpeBY,,
3JNdTSbGgcY,, PL4xAk5aclnUiX_3Z-kR-ExMr5z0wMn1Bx
tOS9SnR4L9s,,
7uPSjLyTy6o,,
lgeOQTuwbak,,
zslToiQEcAY,,
1p-qjBPC0V4,,
aMA7HRqzgNM,,
EdgPwFzRLiU,, PL4xAk5aclnUhonhubpFO2MSxOSwCOa3lG
Gq5Yyu2B1pw,,
4SUsuLVFu3A,,
_s5csM17Bxg,, PL25CBC8287575CFB4
MNibxUeQJoQ,, PL25CBC8287575CFB4
H6CRwdDFt4U,,
EaipL--xG0w,,
xrOdRKzlkcE,,
VTBeZxUsCf8,,
P-2yZ4P2FMM,, PL25CBC8287575CFB4
go2UuS5dAYA,,
QYn5ce5VNgA,,
-O2JGXD9emE,,
Q38XiPQMDok,,
6PT9Di51zKk,,
zVSo7hxkFpg,,
0xgtydyO4rE,,
3ArBH_gbsNw,,
z9gba5wIdA0,, PL4xAk5aclnUg0pfxsDdYvn2BMaVpwdapY
vO_pbVbLCNM,,
__90F8k8X78,,
rLqYiivj744,,
2ugTnETtIyM,,
2R6QiwO7C9I,,
VyWAX9wXqFw,,
KzMRcACcvsA,, PL25CBC8287575CFB4
SqPO5UUxO_Y,, PL4xAk5aclnUj1muMDUVRC-6mfimBzoxWX
fbFkGmHyyE4,,
i8eTZaXb_g0,,
2P2HPsoEaKc,,
MqHvapTy21I,,
xwMRDuXUUDs,,
YFOsWAB7qtg,,
iIuwPyhTwoc,,
J2NmgT1onuU,,
Hpn9jIc4ai0,,
coJ1yjadWGs,,
G5JZsVjCYbY,,
1hbPaI7op-4,,
ZqtYO5bgrRw,,
pYu4BlHrJGo,,
oq3WvSj5DuY,,
3dpwo3ZgM0g,,
2yPwvRcQb-E,,
iWrziHghLRs,,
JuwVGUZZswI,,
zzOhknnxFSc,, PL4xAk5aclnUj1muMDUVRC-6mfimBzoxWX
M0XO_5Xvi_o,,
lcy9fpgfB_s,,
A-XSB8m4TKw,, PL25CBC8287575CFB4
p5PDmWDgWEo,, PL25CBC8287575CFB4
wsdhn_GF4Fc,,
RZJfufqZKmE,,
qZjsnbCwbEk,,
8H_hphFztio,,
b1DeF2q2ZnU,,
qkQEBcrJ5IQ,,
9IiigcVXrjQ,, PLD4476BAFA5A65111
lMVvOKH-dyY,,
6PQCuuJ0iYs,, PL4xAk5aclnUjOSzC4OZccrXGX-pIn71Qc
R9tIpNqAXKk,,
O9kNn554vcM,,
4Y0vNuOUbbw,,
MxxBQPJptEY,,
P9VZqQGX31k,, PLD4476BAFA5A65111
Zk08hWQje0M,,
OIOgfvhzsZk,,
KrrZB5LvXF4,,
rFS9wtB4KM0,, PL4xAk5aclnUh8r_Ro8iBcV4OU6u6QSQ1F
mgR6egNSoJc,,
NURnr-eOFgQ,, PLD4476BAFA5A65111
M71URgIa_64,, PLD4476BAFA5A65111
niWB3KOBhOs,, PLD4476BAFA5A65111
x5M8NsfbbFs,, PL4xAk5aclnUjOSzC4OZccrXGX-pIn71Qc
JJe1qgCD95c,, PLD4476BAFA5A65111
4KNfADc77XU,,
evwdQ3YkDyc,,
TlljHG--7p8,,
Cm7T0ZQTnSc,,
mYtJBM1U2v4,,
PPhFCvjPjV4,,
eZTQVF2xrd0,,
LxNHFRDhqzo,, PLD4476BAFA5A65111
eKK_OlprKwU,, PLD4476BAFA5A65111
m-pTbduSYJg,, PLD4476BAFA5A65111
6Rx2ry1P6ME,,
uiUll-xAFMc,, PLD4476BAFA5A65111
9YpPCubOlik,, PLD4476BAFA5A65111
10qbOTikL1k,,
57msPMfYtyw,, PLD4476BAFA5A65111
tW1ft4y5fQY,, PLD4476BAFA5A65111
Hsm6kwINKLc,, PLD4476BAFA5A65111
2O4OfhqNbcs,,
UGVEtzgR0lw,, PLD4476BAFA5A65111
LFhHnvCXkmE,,
DsZ4p_mHSPg,,
HGbfHQzX2N0,,
x5Rigo3XSdo,,
kwYT83F_nAE,, PLD4476BAFA5A65111
W0Mpk8UwcD0,, PLD4476BAFA5A65111
Dnfgc4_OFhI,,
uA0VPqqvm2Y,,
-DDcdmlRv9s,,
tJSof5ZVrRY,,
JfD5iyoKD8w,,
Qb_q4zSA2KQ,, PLD4476BAFA5A65111
my1ZTIDSMbs,, PLD4476BAFA5A65111
jenMqs7vhe0,, PLD4476BAFA5A65111
Xn83OjhIRSc,, PLD4476BAFA5A65111
NDm4FRt2fyM,,
aIrWKsZlkv0,,
c2Mxld-8wDY,,
__stMf3OLP4,, PLD4476BAFA5A65111
Y1OvLaJYggk,, PLD4476BAFA5A65111
49C84I1_68o,, PLD4476BAFA5A65111
3ArBH_gbsNw,,
7H2EnOzGxD0,, PLD4476BAFA5A65111
ddtW9G1oUxI,,
XdpOz1IE5cY,, PLD4476BAFA5A65111
s7AYHkMbFNs,, PLD4476BAFA5A65111
wR7pyO3HZW0,, PLD4476BAFA5A65111
e8cUyGBt8e8,,
ALBnLnApipA,, PLD4476BAFA5A65111
unxZQnp0y2w,, PLD4476BAFA5A65111
tXb3pNLdhfw,, PLD4476BAFA5A65111
gblRiTJo9gQ,,
Ud1Jbomi0eQ,,
peTvH_Z1RX0,, PLD4476BAFA5A65111
4AIusq6P6o0,, PLD4476BAFA5A65111
kNqgqHAMmPI,,
GBN9hUx_ftY,,
FfvkocRyxDA,,
zovYiBZsyaw,,
MqhvAC22O00,, PLD4476BAFA5A65111
w2UXUwNGAeY,,
NqXg2sPnVjA,, PL4xAk5aclnUjOSzC4OZccrXGX-pIn71Qc
d6GvV7KVz7E,, PL4xAk5aclnUjOSzC4OZccrXGX-pIn71Qc
9SynCu3nxUE,, PLD4476BAFA5A65111
bWOVVzevgOE,,
ojaMGy7QCns,,
7N_CR5aF60s,http://www.learncheme.com/simulations/thermodynamics/thermo-1/phase-behavior-on-a-pv-diagram,
5r4_b4Y8atA,,
41OY6zcE-6s,, PLD4476BAFA5A65111
Va5zRSAtZ2E,http://www.learncheme.com/simulations/thermodynamics/thermo-1/pressure-temperature-phase-diagram-for-water,
8EoxIUaFB3w,,
5gwnJr2-IV8,,
MXf9sgoY3Wc,,
mIMYoTA5BKI,,
Yyse4fiOE4U,, PLD4476BAFA5A65111
tfziawcfnwQ,,
_26D3TDKH8Y,,
_r4V7yP2e8A,,
n7DPiuHllZE,,
z_WKuoHkq78,, PLD4476BAFA5A65111
R9-PvyC8pFU,, PLD4476BAFA5A65111
WpV9mNzcSIs,, PLD4476BAFA5A65111
6wE4Tk6OjGY,,
-XcTEknC9Aw,,
2-mzLOPdIpU,, PLD4476BAFA5A65111
6l3NTuYkeC8,http://www.learncheme.com/simulations/thermodynamics/thermo-2/lever-rule-applied-to-the-benzene-toluene-vapor-p-diagram,
G6WZjpVwMaE,,
Adr9_2LnQdw,,
bmeg1mz7G-8,, PLD4476BAFA5A65111
rpzwcrbCl0o,, PLD4476BAFA5A65111
n0RTErCFHpA,, PLD4476BAFA5A65111
7MBp0imZzvU,http://www.learncheme.com/simulations/mass-energy-balances/basic-ternary-phase-diagram,
x1BA85jmaWc,,
gGYHXhcKM5s,,
4A0BSY93P3c,,
Xg8KxDdBPTU,http://www.learncheme.com/simulations/thermodynamics/thermo-2/vapor-pressure-of-binary-solutions,
R6SPUMn7Poo,, PLD4476BAFA5A65111
EsShtz2jSMs,, PLD4476BAFA5A65111
sPtsmeUKDa0,, PL4xAk5aclnUjOSzC4OZccrXGX-pIn71Qc
7qPHTLU_Gus,, PL4xAk5aclnUjOSzC4OZccrXGX-pIn71Qc
iT1S_6o4kAg,,
61-vqN4IwcE,,
jtzoB3MOqxE,,
l_jok6ChXRA,, PLD4476BAFA5A65111
Yazl3kNTm7c,, PLD4476BAFA5A65111
Y19klVb4M7w,, PL4xAk5aclnUjOSzC4OZccrXGX-pIn71Qc
f-1qQFFX-o8,, PLD4476BAFA5A65111
DKOB0TTaFI8,, PLD4476BAFA5A65111
oMOK3xIETpc,, PLD4476BAFA5A65111
cpceKdgArt4,, PLD4476BAFA5A65111
Gag_HoWlLnE,, PLD4476BAFA5A65111
0_ABJFzQbn0,,
Y3D2eHOzXHw,, PLD4476BAFA5A65111
g6fhEYYM3Uk,, PLD4476BAFA5A65111
N_53gX0_jUc,, PLD4476BAFA5A65111
RLazOv4EVR4,,
E-Gn2DScjyA,, PLD4476BAFA5A65111
sBNsM2-fkTw,, PL4xAk5aclnUiDazeSqz59Zb9NC1a2AK0q
DNljVo0RPAU,, PL4xAk5aclnUiDazeSqz59Zb9NC1a2AK0q
ZuyzmjLKJ24,, PLD4476BAFA5A65111
sBbNmJakytQ,,
WwHzhEhtDzQ,, PL4xAk5aclnUiDazeSqz59Zb9NC1a2AK0q
VEwVrlT5pLU,, PL4xAk5aclnUiDazeSqz59Zb9NC1a2AK0q
s3ZIm4L0ADk,, PL4xAk5aclnUiDazeSqz59Zb9NC1a2AK0q
kw862Ak1Fyg,, PLD4476BAFA5A65111
6y8IIX1x9qk,http://www.learncheme.com/simulations/mass-energy-balances/compressibility-factor-charts,
IVwniWExPgA,, PL4xAk5aclnUiDazeSqz59Zb9NC1a2AK0q
NDVsypmpTKo,,
iLsyOQiqyBU,, PLD4476BAFA5A65111
tIQTJBPpA_E,, PLD4476BAFA5A65111
zW5wx2Ayvw0,,
RnQGyhxrRYo,, PL4xAk5aclnUiDazeSqz59Zb9NC1a2AK0q
P_vCu16UTXk,,
HiB3kMZl9tQ,, PLD4476BAFA5A65111
2fKY0-3RNIU,http://www.learncheme.com/simulations/mass-energy-balances/reading-a-psychrometric-chart,
X0c02ENM50g,, PLD4476BAFA5A65111
9UH_lHMuHxo,,
J6LgIO3qdO0,,
geC_z5WIrZo,, PL4xAk5aclnUiyy5I6QsjJ_3rdKoO0q04I
3aWjbd5Xj0M,, PLD4476BAFA5A65111
8KxjtCCawII,http://www.learncheme.com/simulations/separations/depriester-chart-for-hydrocarbons,
nubT0iP7cCs,, PLD4476BAFA5A65111
oRnArMLVL1U,, PLD4476BAFA5A65111
REA7qsMktoI,, PLD4476BAFA5A65111
XXWmyBmMX38,,
gDclgWqZhy4,,
zYA1cYDghUw,,
uEdgwhPPUE4,,
ShiEYZqLL_I,,
czZpZl9crTM,, PLD4476BAFA5A65111
1oMwioiEl-Q,, PLD4476BAFA5A65111
zyuW9xU3ljU,, PLD4476BAFA5A65111
NdTkzvMV9u8,,
xgJT88X4PV0,, PLD4476BAFA5A65111
Cwzwv07RFik,, PLD4476BAFA5A65111
pJMwOuWKUwg,, PLD4476BAFA5A65111
6786xQRCbHk,, PLD4476BAFA5A65111
ls6HsatGJeE,, PLD4476BAFA5A65111
AK9JIFyzqMY,, PLD4476BAFA5A65111
PpmfL8yPxcM,, PL4xAk5aclnUiDazeSqz59Zb9NC1a2AK0q
EQS69hRyy_Q,,
z438ssCWhdw,,
OCX8LuKnNgY,,
FPDPxAp-Ms0,,
K6gg6ML7Cw0,,
9MauG9JoeMI,, PLD4476BAFA5A65111
l47cfr_ftNY,, PLD4476BAFA5A65111
m_f3d6QsWH8,,
KySIkM_dY7c,, PLD4476BAFA5A65111
BRw4fRMf73A,, PLD4476BAFA5A65111
w1WhplWvp6g,, PLD4476BAFA5A65111
wEEAr4aD_bU,,
NdTkzvMV9u8,,
w5BNUfjHimg,,
uK9ChO6YBak,,
58E-D90KyjA,,
vYkyUqUa6vU,,
pMTA_wiY784,,
gaMdTc-qLVg,,
fttbi6g0m_Y,,
Ee65Deql6HU,,
9Rjp9i0H7GQ,,
Rm-i1c7zr6Q,,
F4Du4zI4GJ0,,
9Rd8349JwWc,,
vK913oWl_XI,,
ZrKIjA6LSDU,,
1ZoUpHGQmL4,,
EaeR9YPOKJ8,, PLC9CE6BFBB0D003CD
TIXWnr3sdY4,,
4VLoIzdjaTg,, PLC9CE6BFBB0D003CD
MU2jpHg2vX8,,
5yW9YnOcEpg,,
nDa2wcpX0Zc,,
idqQhFwg-mo,,
gjoHxwMzptk,,
NGp_Gkbtvt4,, PLC9CE6BFBB0D003CD
pIUWv7UcHQo,, PLC9CE6BFBB0D003CD
AZ-vD13QDYg,,
7Eiv7Qr4HQ8,,
-N--G6Co_0Q,, PLC9CE6BFBB0D003CD
K2fKTKdaVGw,, PLC9CE6BFBB0D003CD
t9eB0PKYAt8,,
pW5Uw3YDz5w,, PLC9CE6BFBB0D003CD
9dclelcswMI,, PLC9CE6BFBB0D003CD
o3Hq4gXuKB0,,
CMyIb58vd4Q,,
nEQY5TxQ2-c,, PLC9CE6BFBB0D003CD
4sDk402giN4,,
-uWTulhqf10,,
L0-3WEokrWA,,
6VKzXAff5wM,,
p-fC5oXNOFA,,
w_XhpYF-3b0,,
6MftCqFHN3I,,
byGuWQrnXNo,http://www.learncheme.com/simulations/thermodynamics/thermo-2/lever-rule-for-the-uranium-titanium-solid-liquid-phase-diagram,
Az0UOidpLuQ,,
nfeOcsblCyM,,
xpT5P7IZY54,, PLC9CE6BFBB0D003CD
vJgEfmkXy-E,http://www.learncheme.com/simulations/materials-science/ssle-equilibrium,
mIjbkhpwo_Q,http://www.learncheme.com/simulations/mass-energy-balances/ternary-phase-diagram-with-phase-envelope,
REDjSS5AP1U,, PLC9CE6BFBB0D003CD
StHXu5oUfAA,, PLC9CE6BFBB0D003CD
wjtrHfBLNLA,, PLC9CE6BFBB0D003CD
cpvTwYAUeA8,,
xmuiMdSaGHk,,
nSxngN_UCC0,, PL4xAk5aclnUgmmVCVhlFKOs_dUR1z3CZ4
-e-ocwZLB9Y,, PL4xAk5aclnUgmmVCVhlFKOs_dUR1z3CZ4
sXjp3OsSZ84,, PL4xAk5aclnUgmmVCVhlFKOs_dUR1z3CZ4
X5kdO-Q4VXg,, PL4xAk5aclnUgmmVCVhlFKOs_dUR1z3CZ4
rsksuELLNmk,, PL4xAk5aclnUgmmVCVhlFKOs_dUR1z3CZ4
AYRuPNK6WNM,, PL4xAk5aclnUgmmVCVhlFKOs_dUR1z3CZ4
tkvAr_iTyzs,, PL4xAk5aclnUgmmVCVhlFKOs_dUR1z3CZ4
sYe0ulf428w,, PL4xAk5aclnUiyy5I6QsjJ_3rdKoO0q04I
DeGFK369PVA,, PL4xAk5aclnUiyy5I6QsjJ_3rdKoO0q04I
peTvH_Z1RX0,, PL4xAk5aclnUiyy5I6QsjJ_3rdKoO0q04I
UTj9YEvOt2U,, PL4xAk5aclnUiyy5I6QsjJ_3rdKoO0q04I
-QHRmEaA1TI,, PL4xAk5aclnUgmmVCVhlFKOs_dUR1z3CZ4
JXEn_AaC63k,, PL4xAk5aclnUiyy5I6QsjJ_3rdKoO0q04I
boL5iWvhPXI,, PL4xAk5aclnUjZ_bhvqdlGfMQohOiuE8Ul
Fj5tfEkrOIw,, PL4xAk5aclnUgmmVCVhlFKOs_dUR1z3CZ4
iR0LQnIEeWE,, PL4xAk5aclnUjZ_bhvqdlGfMQohOiuE8Ul
NdTkzvMV9u8,, PL4xAk5aclnUiyy5I6QsjJ_3rdKoO0q04I
WkjmJB25Vb8,, PL4xAk5aclnUiyy5I6QsjJ_3rdKoO0q04I
EEUtRiuWK2o,, PL4xAk5aclnUiyy5I6QsjJ_3rdKoO0q04I
_pd9nUtLDdU,, PL4xAk5aclnUiyy5I6QsjJ_3rdKoO0q04I
AK9JIFyzqMY,, PL4xAk5aclnUiyy5I6QsjJ_3rdKoO0q04I
AugDm-PlUvA,, PL4xAk5aclnUjZ_bhvqdlGfMQohOiuE8Ul
0uQZMH2GolI,, PL4xAk5aclnUjZ_bhvqdlGfMQohOiuE8Ul
qM0hJ5paQtY,, PL4xAk5aclnUjZ_bhvqdlGfMQohOiuE8Ul
6dU2fLkosTs,, PL4xAk5aclnUjZ_bhvqdlGfMQohOiuE8Ul
dcmrJMguwBY,, PL4xAk5aclnUgmmVCVhlFKOs_dUR1z3CZ4
A8XHMi4UexQ,, PL4xAk5aclnUgmmVCVhlFKOs_dUR1z3CZ4
B64ql759zXk,, PL4xAk5aclnUgmmVCVhlFKOs_dUR1z3CZ4
yBUgRGYGbCQ,,
n7GV48hgJHI,, PL4xAk5aclnUjZ_bhvqdlGfMQohOiuE8Ul
vd_PK0eCh0A,, PL4xAk5aclnUiyy5I6QsjJ_3rdKoO0q04I
4TJe7jt0O3c,, PL4xAk5aclnUiyy5I6QsjJ_3rdKoO0q04I
zx_S2BhVf_0,, PL4xAk5aclnUiyy5I6QsjJ_3rdKoO0q04I
eFBaRX3B0e8,, PL4xAk5aclnUgmmVCVhlFKOs_dUR1z3CZ4
SeHsm61KCwc,, PL4xAk5aclnUhfXrHhv_ZQfbQ6w6ahwfFQ
4A81H5oUNeg,, PL4xAk5aclnUhfXrHhv_ZQfbQ6w6ahwfFQ
J1mE23MVaVY,, PL4xAk5aclnUhfXrHhv_ZQfbQ6w6ahwfFQ
FDcT4lunxPc,, PL4xAk5aclnUhfXrHhv_ZQfbQ6w6ahwfFQ
8Ta7khDsqlA,, PL4xAk5aclnUhfXrHhv_ZQfbQ6w6ahwfFQ
YZgET37qDes,, PL4xAk5aclnUhfXrHhv_ZQfbQ6w6ahwfFQ
ZEbdQcapZPU,, PL4xAk5aclnUhfXrHhv_ZQfbQ6w6ahwfFQ
LUFdO1O9RUs,, PL4xAk5aclnUhfXrHhv_ZQfbQ6w6ahwfFQ
1U0tNq3Ft1k,, PL4xAk5aclnUhfXrHhv_ZQfbQ6w6ahwfFQ
8Asj6boh_sw,, PL4xAk5aclnUhfXrHhv_ZQfbQ6w6ahwfFQ
uE6GBgvtOwI,, PL4xAk5aclnUhfXrHhv_ZQfbQ6w6ahwfFQ
snlLt8dITsU,, PL4xAk5aclnUhfXrHhv_ZQfbQ6w6ahwfFQ
6Zgpd3AkDU0,, PL4xAk5aclnUhfXrHhv_ZQfbQ6w6ahwfFQ
pQa3aGfd0e8,, PL4xAk5aclnUhfXrHhv_ZQfbQ6w6ahwfFQ
fQgPk0n5gQU,, PL4xAk5aclnUhfXrHhv_ZQfbQ6w6ahwfFQ
TIvKdR1i4Eo,, PL4xAk5aclnUhfXrHhv_ZQfbQ6w6ahwfFQ
sGPYzpOrhpQ,, PL4xAk5aclnUhfXrHhv_ZQfbQ6w6ahwfFQ
1NqjzQ8TkGY,, PL4xAk5aclnUhfXrHhv_ZQfbQ6w6ahwfFQ
f1mZArY0lLE,, PL4xAk5aclnUhfXrHhv_ZQfbQ6w6ahwfFQ
S-GoX7dzJ94,, PL4xAk5aclnUhfXrHhv_ZQfbQ6w6ahwfFQ
GO7nEwJfwYo,, PL4xAk5aclnUhfXrHhv_ZQfbQ6w6ahwfFQ
XIfaRY-DDuk,, PL4xAk5aclnUhfXrHhv_ZQfbQ6w6ahwfFQ
VKnkjuFknzk,, PL4xAk5aclnUhfXrHhv_ZQfbQ6w6ahwfFQ
kd0GlcOpXUA,, PL4xAk5aclnUhfXrHhv_ZQfbQ6w6ahwfFQ
WThXhZ4mBz8,, PL4xAk5aclnUhfXrHhv_ZQfbQ6w6ahwfFQ
2eGzc1ty-qQ,, PL4xAk5aclnUhfXrHhv_ZQfbQ6w6ahwfFQ
9eQWBmURUik,, PL4xAk5aclnUhfXrHhv_ZQfbQ6w6ahwfFQ
1g19f-iXfak,, PL4xAk5aclnUhfXrHhv_ZQfbQ6w6ahwfFQ
rFUBZun2i64,, PL4xAk5aclnUhfXrHhv_ZQfbQ6w6ahwfFQ
yBh_ycL9KWU,, PL4xAk5aclnUhfXrHhv_ZQfbQ6w6ahwfFQ
zy2kNWTZ33A,, PL4xAk5aclnUhfXrHhv_ZQfbQ6w6ahwfFQ
kc_oxzjaBi4,, PL4xAk5aclnUhfXrHhv_ZQfbQ6w6ahwfFQ
FKoaP0UqnvI,, PL4xAk5aclnUhfXrHhv_ZQfbQ6w6ahwfFQ
DmS8tiQOlKY,, PL4xAk5aclnUhfXrHhv_ZQfbQ6w6ahwfFQ
aQ3N7Dw0L-w,, PL4xAk5aclnUhfXrHhv_ZQfbQ6w6ahwfFQ
EMnZ9zkgZbc,, PL4xAk5aclnUhfXrHhv_ZQfbQ6w6ahwfFQ
aXV1h3b7jO8,, PL4xAk5aclnUhfXrHhv_ZQfbQ6w6ahwfFQ
AAVBXvdzpck,, PL4xAk5aclnUhfXrHhv_ZQfbQ6w6ahwfFQ
Atf4DzHpAnU,, PL4xAk5aclnUhfXrHhv_ZQfbQ6w6ahwfFQ
zJE3txj1FPI,, PL4xAk5aclnUhfXrHhv_ZQfbQ6w6ahwfFQ
RTTk7ZJlGlI,, PL4xAk5aclnUhfXrHhv_ZQfbQ6w6ahwfFQ
AGkma4bIusw,, PL4xAk5aclnUhfXrHhv_ZQfbQ6w6ahwfFQ
SOHhAM9uS1E,, PL4xAk5aclnUhfXrHhv_ZQfbQ6w6ahwfFQ
KD58uQcroIE,, PL4xAk5aclnUhfXrHhv_ZQfbQ6w6ahwfFQ
Ba6EyCYSEYM,, PL4xAk5aclnUhfXrHhv_ZQfbQ6w6ahwfFQ
EPaQWBWp064,, PL4xAk5aclnUhfXrHhv_ZQfbQ6w6ahwfFQ
OZsIXaSaW7g,, PL4xAk5aclnUhfXrHhv_ZQfbQ6w6ahwfFQ
hhV0zf2sKeQ,, PL4xAk5aclnUhfXrHhv_ZQfbQ6w6ahwfFQ
hDMSJ3CIxnk,, PL4xAk5aclnUhfXrHhv_ZQfbQ6w6ahwfFQ
-pvFTYhY08A,, PL4xAk5aclnUhfXrHhv_ZQfbQ6w6ahwfFQ
Sv0JXugY_HU,, PL4xAk5aclnUhfXrHhv_ZQfbQ6w6ahwfFQ
91MkTG9mU8c,, PL4xAk5aclnUhfXrHhv_ZQfbQ6w6ahwfFQ
j8kYi1NQlVQ,, PL4xAk5aclnUhfXrHhv_ZQfbQ6w6ahwfFQ
K4PTYwqi874,, PL4xAk5aclnUhfXrHhv_ZQfbQ6w6ahwfFQ
_0ZDDOCU5Fg,, PL4xAk5aclnUhfXrHhv_ZQfbQ6w6ahwfFQ
302jwtqWYjE,, PL4xAk5aclnUhfXrHhv_ZQfbQ6w6ahwfFQ
e1yRjyoAMFk,, PL4xAk5aclnUhfXrHhv_ZQfbQ6w6ahwfFQ
f5lyKfhABFI,, PL4xAk5aclnUhfXrHhv_ZQfbQ6w6ahwfFQ
ybzGrMf-gdI,, PL4xAk5aclnUhfXrHhv_ZQfbQ6w6ahwfFQ
mCJegG7HVBU,, PL4xAk5aclnUhfXrHhv_ZQfbQ6w6ahwfFQ
NAidaUqofzE,, PL4xAk5aclnUhfXrHhv_ZQfbQ6w6ahwfFQ
dEUGAH4JOdI,, PL4xAk5aclnUhfXrHhv_ZQfbQ6w6ahwfFQ
SwsgdS8VLoY,, PL4xAk5aclnUhfXrHhv_ZQfbQ6w6ahwfFQ
PRgxDPOt89k,, PL4xAk5aclnUhfXrHhv_ZQfbQ6w6ahwfFQ
Hq_XxJm8UvM,, PL4xAk5aclnUhfXrHhv_ZQfbQ6w6ahwfFQ
_-EXAH3jJkM,, PL4xAk5aclnUhfXrHhv_ZQfbQ6w6ahwfFQ
DHJXfG_FG8M,, PL4xAk5aclnUhfXrHhv_ZQfbQ6w6ahwfFQ
x6QJlQNxMuU,, PL4xAk5aclnUhfXrHhv_ZQfbQ6w6ahwfFQ
C_hfzvnjKIc,, PL4xAk5aclnUhfXrHhv_ZQfbQ6w6ahwfFQ
nbPcf7nTO3I,, PL4xAk5aclnUhfXrHhv_ZQfbQ6w6ahwfFQ
_IwDZmE8pfs,, PL4xAk5aclnUhfXrHhv_ZQfbQ6w6ahwfFQ
jgf8A6LTfsw,, PL4xAk5aclnUhfXrHhv_ZQfbQ6w6ahwfFQ
LUFdO1O9RUs,, PL4xAk5aclnUhfXrHhv_ZQfbQ6w6ahwfFQ
TIvKdR1i4Eo,, PL4xAk5aclnUhfXrHhv_ZQfbQ6w6ahwfFQ
ZEbdQcapZPU,, PL4xAk5aclnUhfXrHhv_ZQfbQ6w6ahwfFQ
uE6GBgvtOwI,, PL4xAk5aclnUhfXrHhv_ZQfbQ6w6ahwfFQ
pQa3aGfd0e8,, PL4xAk5aclnUhfXrHhv_ZQfbQ6w6ahwfFQ
8Asj6boh_sw,, PL4xAk5aclnUhfXrHhv_ZQfbQ6w6ahwfFQ
6Zgpd3AkDU0,, PL4xAk5aclnUhfXrHhv_ZQfbQ6w6ahwfFQ
fQgPk0n5gQU,, PL4xAk5aclnUhfXrHhv_ZQfbQ6w6ahwfFQ
1U0tNq3Ft1k,, PL4xAk5aclnUhfXrHhv_ZQfbQ6w6ahwfFQ
snlLt8dITsU,, PL4xAk5aclnUhfXrHhv_ZQfbQ6w6ahwfFQ
GwEkjC5S2BU,,
9a93XD46Syw,, PL4xAk5aclnUhb0tM6nypIATyxPRk0fB3L
Qj4Yb9fHHpQ,,
s15AMFjT3S4,,
TTQvGyoE7WM,, PL4xAk5aclnUhb0tM6nypIATyxPRk0fB3L
SM-4qsoKxrE,,
jpYVECJXf5c,, PL4xAk5aclnUhb0tM6nypIATyxPRk0fB3L
G1_iQtvepIg,,
2AuUJtvaOwo,,
Jzs8ph0I6Pc,,
Yx-SjGG1wHs,, PL4xAk5aclnUjEuE_fvbyEts_oBpHYcwLY
4IWoSPd6Xfk,, PL4xAk5aclnUjEuE_fvbyEts_oBpHYcwLY
Zl_NtnGp2oM,,
S6R4mdgZ2AE,,
pSg2wcwmgWE,,
c7zBbENinXQ,,
3F3BqraSD4E,,
R4OYkOo1pm8,,
WFCIYxtk00U,,
XbiQi-yDTiA,, PL4xAk5aclnUjEuE_fvbyEts_oBpHYcwLY
ShEals05Sjw,,
pTpXKN09zFM,,
vCLRDfDGOHg,,
q5ZlUYoHuW8,,
fvEaP5IS3gs,,
Rf6d2o11YBM,,
NOO33x21cRE,,
R2ELYQ5ohc8,,
GDAwl9XHPPk,,
58838l5Jsz4,, PL4xAk5aclnUjEuE_fvbyEts_oBpHYcwLY
MW0G9JYv-kA,, PL4xAk5aclnUjEuE_fvbyEts_oBpHYcwLY
sARkdc4zM90,, PL4xAk5aclnUjEuE_fvbyEts_oBpHYcwLY
_eiUFYrFXH0,, PL4xAk5aclnUjEuE_fvbyEts_oBpHYcwLY
ZYAsVmMTF_o,, PL4xAk5aclnUjEuE_fvbyEts_oBpHYcwLY
NX4aF7takRY,,
apboI7qk88E,,
sARkdc4zM90,, PL4xAk5aclnUjEuE_fvbyEts_oBpHYcwLY
qtC6MC3gc4Q,,
xZO2aSiakuw,,
MlOLr1GZK2E,,
A1By3vWLlpg,,
7PpysQMD0WE,,
O9FykXj8ywo,,
ZTpGacyUtBk,,
4rZ-DPszlZE,,
0GfES6dgg_8,,
yb8a8QPUYCc,,
6UkXYF0tKDA,, PL4xAk5aclnUjEuE_fvbyEts_oBpHYcwLY
bmWrEu5KK38,,
23XRoWAMMnE,,
rbhkAu5mgis,,
MLfonzyG3T0,,
ht2ZsWaBsnk,,
MIHTrv0Pz1Y,, PL4xAk5aclnUjEuE_fvbyEts_oBpHYcwLY
kobAxn7hwh4,, PL4xAk5aclnUjEuE_fvbyEts_oBpHYcwLY
ADbd3Cff_XM,, PL4xAk5aclnUjEuE_fvbyEts_oBpHYcwLY
w6ez67nhN1Y,, PL4xAk5aclnUjEuE_fvbyEts_oBpHYcwLY
Y8ofS8jZHIg,, PL4xAk5aclnUjEuE_fvbyEts_oBpHYcwLY
d1Xz40UQULE,, PL4xAk5aclnUjEuE_fvbyEts_oBpHYcwLY
SkJr3ij4MVA,, PL4xAk5aclnUjEuE_fvbyEts_oBpHYcwLY
TAHNGNUIi94,, PL4xAk5aclnUjEuE_fvbyEts_oBpHYcwLY
Myjdqi5ZUFM,, PL4xAk5aclnUjEuE_fvbyEts_oBpHYcwLY
guVwWJuVogY,, PL4xAk5aclnUjEuE_fvbyEts_oBpHYcwLY
rcyi7aNayZE,, PL4xAk5aclnUjEuE_fvbyEts_oBpHYcwLY
Azz5CfBzaqU,, PL4xAk5aclnUjEuE_fvbyEts_oBpHYcwLY
6lVL-wczbsM,, PL4xAk5aclnUjEuE_fvbyEts_oBpHYcwLY
_DOdlUDI-kI,, PL4xAk5aclnUjEuE_fvbyEts_oBpHYcwLY
81ax82lKstg,, PL4xAk5aclnUjEuE_fvbyEts_oBpHYcwLY
8K3yHoJJ0jA,, PL4xAk5aclnUjEuE_fvbyEts_oBpHYcwLY
yDGbU9FeUBY,, PL4xAk5aclnUjEuE_fvbyEts_oBpHYcwLY
3Wr7btJ4n5c,, PL4xAk5aclnUjEuE_fvbyEts_oBpHYcwLY
KR7ihAtXhuI,, PL4xAk5aclnUjEuE_fvbyEts_oBpHYcwLY
DHlvz_Vh2UE,, PL4xAk5aclnUjEuE_fvbyEts_oBpHYcwLY
fongqg9LMJw,, PL4xAk5aclnUjEuE_fvbyEts_oBpHYcwLY
pdKE_D4vZm0,, PL4xAk5aclnUjEuE_fvbyEts_oBpHYcwLY
ir-ryFYT4PU,, PL4xAk5aclnUjEuE_fvbyEts_oBpHYcwLY
AT1_kxSPrNc,,
66GHvXMeXn8,,
kf5-zVhxZCw,,
zIu8DqtATAs,,
28WWKdf3h1o,,
leguI2H2Cu4,,
ZqbdhF6422o,,
zx_S2BhVf_0,,
Ox1A0A6WX3E,,
3iWYh7qqzxw,, PL4xAk5aclnUjMQaDPzjOWCkGQORbYDNl5
C4EDtrdojyM,,
4TJe7jt0O3c,,
_r4V7yP2e8A,,
ZkTw8bNrshA,, PL4xAk5aclnUjeRz26fds2w1Mw8YvKHuSU
4P1RJjb4CSQ,, PL4xAk5aclnUjeRz26fds2w1Mw8YvKHuSU
vhjDH38Atpw,,
Mi2J_A32_HI,, PL61BFC1C064B40049
GAbTChXjQQo,, PL61BFC1C064B40049
Fhrd7Y_3epc,,
bt-PZBPFcWM,,
PVUp2cpnwsU,,
O7akgeeHkZ4,,
SFJV0RD55Pg,,
s_4CYT_Jb2I,,
30hVNzxNgXQ,,
aotP3hFohNw,,
FR0BAEOM8E0,,
sNsWABMT0As,,
56xq349qtp8,,
E_Vuz8cfbEo,,
bs2T5oCfRak,, PL4xAk5aclnUjMQaDPzjOWCkGQORbYDNl5
D0MJo3_eqhI,,
NX1e1WHAK7o,,
R9-PvyC8pFU,, PL61BFC1C064B40049
-XcTEknC9Aw,,
_jJNc_ROxAs,,
oJzvovVyYHw,,
Q-hInH6WLy4,,
6l3NTuYkeC8,, PL61BFC1C064B40049
Adr9_2LnQdw,,
ats1jgsGczE,, PL61BFC1C064B40049
W13Pqg7gThs,,
u9TBxaqtAgQ,, PL4xAk5aclnUiyy5I6QsjJ_3rdKoO0q04I
Zadfa1FzMoQ,,
moEGVoZp9zg,,
zoSblGYqoaM,,
MWVJgEPDoC0,,
ZEkpnLeA5ro,, PL61BFC1C064B40049
mvQE7fElYDs,, PL61BFC1C064B40049
jnkj9UCPARg,, PL61BFC1C064B40049
7fT0VACp0uI,,
dBoF_9ParfA,, PL61BFC1C064B40049
YTlXAMtKWTQ,, PL61BFC1C064B40049
EwlV9RGDcvM,, PL61BFC1C064B40049
m7ZN2cU9tZU,, PL61BFC1C064B40049
1fv7J8n-2Pw,, PL61BFC1C064B40049
4VZ2vllT6Hk,, PL61BFC1C064B40049
_4a-lLvEBEU,, PL61BFC1C064B40049
TkaAl-jaMw8,, PL61BFC1C064B40049
DTzlRPA-yhg,, PL61BFC1C064B40049
NVWZaA3_KXg,, PL61BFC1C064B40049
Jgnw9HhX1CQ,, PL61BFC1C064B40049
GPDd5qXPKpo,,
3nrm60jbO6g,,
mSwTJC_eBTY,,
lagWpTG82pM,,
_fsFG3NspsE,,
rk8jpKHpD2o,,
EX7GV-zB46g,,
8Cg0c4imbBw,,
Sx7C_l3jMTM,,
y8pjAYYLDoI,,
Tt-biTc4Fds,,
Cv4KjY2BJTA,, PL61BFC1C064B40049
eIJk5uXmBRc,, PL61BFC1C064B40049
rlg-ptQMAsg,, PL61BFC1C064B40049
1fZkmYRQ1Xs,,
fdZ82VkbqUc,, PL61BFC1C064B40049
ovFL97Dswuk,, PL61BFC1C064B40049
Wo1WLqQVDr8,, PL61BFC1C064B40049
UU_mnDSjI1U,, PL61BFC1C064B40049
IiUh5nHotoo,, PL61BFC1C064B40049
nvA8UsqDUqw,, PL61BFC1C064B40049
ACxOiXWq1SQ,,
2WI2sMIa5r0,,
ewaPCKFHEug,, PL61BFC1C064B40049
JZuavrt8ksQ,, PL61BFC1C064B40049
e0Yt5RMkyj4,,
FaKIZU3XPR8,, PL61BFC1C064B40049
n7DPiuHllZE,,
GYeSaXRdagY,,
N7MIH0_ELO0,,
2-mzLOPdIpU,, PL61BFC1C064B40049
GXap5CC8MN4,, PL61BFC1C064B40049
Y19klVb4M7w,, PL61BFC1C064B40049
BoPKngZZwVI,,
dByYrj7-tYQ,, PL61BFC1C064B40049
QGwXpHEAREA,, PL61BFC1C064B40049
NhPqSWUrGsg,,
hreAO6Iqraw,,
X9NIQ3KBd8I,, PL61BFC1C064B40049
TOT0XJqiDks,,
hlJA-St-x5w,, PL61BFC1C064B40049
xMl7_tXOSMQ,, PL61BFC1C064B40049
NEroL-x_g-M,, PL61BFC1C064B40049
89ckvYJFYO8,, PL61BFC1C064B40049
JqgmDxnfwvI,, PL61BFC1C064B40049
zmlBnG8kbUk,,
-Gwzmfu9ZR0,,
s4t1cJKxUMw,, PL61BFC1C064B40049
AGRjXcB14qA,, PL61BFC1C064B40049
_oiu2Fa5G-E,,
Q7p1fImdBMk,,
qQhqlsXB7i8,,
brxp3Su01UY,,
fjQLI3Kj7tE,, PL61BFC1C064B40049
2CRdFJ2N-kI,, PL61BFC1C064B40049
AXlgqHfHrtU,, PL61BFC1C064B40049
3ETNKtdTb2I,, PL61BFC1C064B40049
gjoHxwMzptk,,
gucFl2JPjVg,,
RFlxppoWYMI,,
21PaQWRLCR4,,
IKmE3Z3zzBo,, PL61BFC1C064B40049
mex15lPG-64,, PL61BFC1C064B40049
NGp_Gkbtvt4,, PLC9CE6BFBB0D003CD
D-6ACSW8E7w,,
iBH9cA9nZH0,http://www.learncheme.com/simulations/separations/steady-state-binary-fickian-diffusion,
cTcsp1tyxOM,, PL61BFC1C064B40049
m-sigBs5ilE,, PL61BFC1C064B40049
FhpsnVhzJQQ,,
m8VADsoQ2tw,,
ha_tdquI32Y,,
INXw_xFbBpI,,
ha_tdquI32Y,,
INXw_xFbBpI,,
_r4V7yP2e8A,,
R9-PvyC8pFU,, PL61BFC1C064B40049
-XcTEknC9Aw,,
_jJNc_ROxAs,,
EJeYhVx0zG0,, PL4xAk5aclnUhllzwFe86c1Egrjqel5ttc
--P0ZsbzJSw,,
pwOQg5zLQQk,,
zv4jEM_tbBI,, PL4xAk5aclnUinQtClYe06rkcBQeZ369Ks
AzuAxREFLpw,, PL4xAk5aclnUinQtClYe06rkcBQeZ369Ks
5au9U6bah1k,,
8IvXWaW9GOk,, PL4xAk5aclnUinQtClYe06rkcBQeZ369Ks
ksQGfxvFwqE,, PL4xAk5aclnUinQtClYe06rkcBQeZ369Ks
c3lCYwAkHg0,, PL4xAk5aclnUinQtClYe06rkcBQeZ369Ks
rePsvdAxwX8,, PL4xAk5aclnUinQtClYe06rkcBQeZ369Ks
UUzRsQ-8vC8,, PL4xAk5aclnUinQtClYe06rkcBQeZ369Ks
rXVPCSFE4XQ,, PL4xAk5aclnUinQtClYe06rkcBQeZ369Ks
p7K-XPh_Nxs,,
gyccXv1NiOw,, PL4xAk5aclnUinQtClYe06rkcBQeZ369Ks
j-1YL47ZjGo,,
6FUAchUwxYo,, PL4xAk5aclnUinQtClYe06rkcBQeZ369Ks
308aCuq5cSk,, PL4xAk5aclnUinQtClYe06rkcBQeZ369Ks
g9pGHRs-cxc,, PL4xAk5aclnUinQtClYe06rkcBQeZ369Ks
ILrM1shEL_Y,, PL4xAk5aclnUinQtClYe06rkcBQeZ369Ks
mizNAmeAT5w,, PL4xAk5aclnUinQtClYe06rkcBQeZ369Ks
a7TC5mZNs-w,, PL4xAk5aclnUinQtClYe06rkcBQeZ369Ks
REhUr6ecf90,, PL4xAk5aclnUinQtClYe06rkcBQeZ369Ks
leKfpdaLYiQ,, PL4xAk5aclnUinQtClYe06rkcBQeZ369Ks
BSwaD1iYeJQ,, PL4xAk5aclnUinQtClYe06rkcBQeZ369Ks
NsT5BAofRN0,, PL4xAk5aclnUinQtClYe06rkcBQeZ369Ks
sxKNfB3bwQQ,, PL4xAk5aclnUinQtClYe06rkcBQeZ369Ks
G5JZsVjCYbY,, PL4xAk5aclnUinQtClYe06rkcBQeZ369Ks
1hbPaI7op-4,, PL4xAk5aclnUinQtClYe06rkcBQeZ369Ks
PaJcJvxq0yY,,
416zY2TcRCw,, PL4xAk5aclnUinQtClYe06rkcBQeZ369Ks
NETJO59K97s,, PL4xAk5aclnUinQtClYe06rkcBQeZ369Ks
jsIRbZpc3w8,,
tepL-O7jHAQ,, PL4xAk5aclnUiyy5I6QsjJ_3rdKoO0q04I
m6XaSGQi2wA,, PL4xAk5aclnUiyy5I6QsjJ_3rdKoO0q04I
y2t8nNI9cw4,, PL4xAk5aclnUiyy5I6QsjJ_3rdKoO0q04I
jg0WCr6y9gI,, PL4xAk5aclnUjeRz26fds2w1Mw8YvKHuSU
Q6TBDJGKVwE,, PL4xAk5aclnUiyy5I6QsjJ_3rdKoO0q04I
nSbfIrgdkG8,, PL4xAk5aclnUjeRz26fds2w1Mw8YvKHuSU
zkPnOWRpseI,, PL4xAk5aclnUjeRz26fds2w1Mw8YvKHuSU
OMXarNKpXcE,, PL4xAk5aclnUjeRz26fds2w1Mw8YvKHuSU
9SynCu3nxUE,,
7OZlO502vPo,,
9Y6RynSyPSI,, PL4xAk5aclnUiyy5I6QsjJ_3rdKoO0q04I
uEdgwhPPUE4,, PL4xAk5aclnUjeRz26fds2w1Mw8YvKHuSU
ShiEYZqLL_I,, PL4xAk5aclnUjeRz26fds2w1Mw8YvKHuSU
sk8HuHdFfz8,, PL4xAk5aclnUjeRz26fds2w1Mw8YvKHuSU
_CrpmDTuQIo,, PL4xAk5aclnUjeRz26fds2w1Mw8YvKHuSU
8_DfNm-EQvk,, PL4xAk5aclnUiyy5I6QsjJ_3rdKoO0q04I
_r4V7yP2e8A,, PL4xAk5aclnUjMQaDPzjOWCkGQORbYDNl5
4e_Dn4CpC9I,,
MRD7RffXFJg,,
tO7moFA3Tz8,,
1KADrPQTExw,,
LKeG0gfE3PE,,
VFlO-3cFgIQ,,
pOxYjUFnyGg,, PL4xAk5aclnUjeRz26fds2w1Mw8YvKHuSU
0IGQKS_3Vpw,, PL4xAk5aclnUjeRz26fds2w1Mw8YvKHuSU
j7wy1WW3KLA,, PL4xAk5aclnUjZ_bhvqdlGfMQohOiuE8Ul
Mi2J_A32_HI,, PL4xAk5aclnUjMQaDPzjOWCkGQORbYDNl5
GAbTChXjQQo,, PL4xAk5aclnUjMQaDPzjOWCkGQORbYDNl5
qh0sm1_UbEo,, PL4xAk5aclnUgmjEaNDIuPwzRgHsgFEEDa
sqbzbkdeemU,, PL4xAk5aclnUgmjEaNDIuPwzRgHsgFEEDa
X1jNM5qI-b4,, PL4xAk5aclnUjZ_bhvqdlGfMQohOiuE8Ul
BbXpfxEN07I,, PL4xAk5aclnUgmjEaNDIuPwzRgHsgFEEDa
vmemowxJj20,http://www.learncheme.com/simulations/thermodynamics/thermo-2/p-x-y-and-t-x-y-diagrams-for-vapor-liquid-equilibrium-vle,
Adr9_2LnQdw,, PL4xAk5aclnUjMQaDPzjOWCkGQORbYDNl5
PVUp2cpnwsU,, PL4xAk5aclnUjMQaDPzjOWCkGQORbYDNl5
PX7hmkSYHoc,, PL4xAk5aclnUjMQaDPzjOWCkGQORbYDNl5
rpzwcrbCl0o,, PL4xAk5aclnUjMQaDPzjOWCkGQORbYDNl5
aMo5_Wm8RMU,, PL4xAk5aclnUjMQaDPzjOWCkGQORbYDNl5
sNsWABMT0As,, PL4xAk5aclnUjMQaDPzjOWCkGQORbYDNl5
56xq349qtp8,,
3iWYh7qqzxw,, PL4xAk5aclnUjMQaDPzjOWCkGQORbYDNl5
31vhjLetP_o,,
UMs9GIrY4dw,, PL4xAk5aclnUiyy5I6QsjJ_3rdKoO0q04I
yYddSFKUp0w,http://www.learncheme.com/simulations/thermodynamics/thermo-2/three-intermolecular-potential-models,
b1DeF2q2ZnU,, PL4xAk5aclnUiyy5I6QsjJ_3rdKoO0q04I
D0MJo3_eqhI,, PL4xAk5aclnUiyy5I6QsjJ_3rdKoO0q04I
4Y0vNuOUbbw,, PL4xAk5aclnUiyy5I6QsjJ_3rdKoO0q04I
zW5wx2Ayvw0,,
HiB3kMZl9tQ,, PL4xAk5aclnUiyy5I6QsjJ_3rdKoO0q04I
J6LgIO3qdO0,, PL4xAk5aclnUiyy5I6QsjJ_3rdKoO0q04I
kw862Ak1Fyg,, PL4xAk5aclnUiyy5I6QsjJ_3rdKoO0q04I
iLsyOQiqyBU,, PL4xAk5aclnUiyy5I6QsjJ_3rdKoO0q04I
tIQTJBPpA_E,, PL4xAk5aclnUiyy5I6QsjJ_3rdKoO0q04I
P_vCu16UTXk,, PL4xAk5aclnUiyy5I6QsjJ_3rdKoO0q04I
geC_z5WIrZo,, PL4xAk5aclnUiyy5I6QsjJ_3rdKoO0q04I
3aWjbd5Xj0M,, PL4xAk5aclnUiyy5I6QsjJ_3rdKoO0q04I
nubT0iP7cCs,, PL4xAk5aclnUiyy5I6QsjJ_3rdKoO0q04I
tkvAr_iTyzs,, PL4xAk5aclnUiyy5I6QsjJ_3rdKoO0q04I
sYe0ulf428w,, PL4xAk5aclnUiyy5I6QsjJ_3rdKoO0q04I
DeGFK369PVA,, PL4xAk5aclnUiyy5I6QsjJ_3rdKoO0q04I
ps4Yi3vvh8U,, PL4xAk5aclnUjZ_bhvqdlGfMQohOiuE8Ul
bmpktFP87f4,, PL4xAk5aclnUjZ_bhvqdlGfMQohOiuE8Ul
peTvH_Z1RX0,, PL4xAk5aclnUiyy5I6QsjJ_3rdKoO0q04I
UTj9YEvOt2U,, PL4xAk5aclnUiyy5I6QsjJ_3rdKoO0q04I
-QHRmEaA1TI,, PL4xAk5aclnUiyy5I6QsjJ_3rdKoO0q04I
JXEn_AaC63k,, PL4xAk5aclnUiyy5I6QsjJ_3rdKoO0q04I
dj7ed68X-gA,, PL4xAk5aclnUiyy5I6QsjJ_3rdKoO0q04I
boL5iWvhPXI,, PL4xAk5aclnUjZ_bhvqdlGfMQohOiuE8Ul
Fj5tfEkrOIw,, PL4xAk5aclnUiyy5I6QsjJ_3rdKoO0q04I
iR0LQnIEeWE,, PL4xAk5aclnUjZ_bhvqdlGfMQohOiuE8Ul
NdTkzvMV9u8,, PL4xAk5aclnUiyy5I6QsjJ_3rdKoO0q04I
WkjmJB25Vb8,, PL4xAk5aclnUiyy5I6QsjJ_3rdKoO0q04I
EEUtRiuWK2o,, PL4xAk5aclnUiyy5I6QsjJ_3rdKoO0q04I
_pd9nUtLDdU,, PL4xAk5aclnUiyy5I6QsjJ_3rdKoO0q04I
AS3_ZUSW6K0,, PL4xAk5aclnUiyy5I6QsjJ_3rdKoO0q04I
E-Gn2DScjyA,, PL4xAk5aclnUiyy5I6QsjJ_3rdKoO0q04I
AK9JIFyzqMY,, PL4xAk5aclnUiyy5I6QsjJ_3rdKoO0q04I
Z_j9UKtuY0Y,, PL4xAk5aclnUiyy5I6QsjJ_3rdKoO0q04I
umnxlrH1sNc,http://www.learncheme.com/simulations/thermodynamics/thermo-1/adiabatic-evaporation-of-water-into-vacuum,
OhpJqNmw2mM,http://www.learncheme.com/simulations/thermodynamics/thermo-1/adiabatic-gas-expansion-between-two-tanks,
a0lKx0fllGk,, PL4xAk5aclnUiyy5I6QsjJ_3rdKoO0q04I
O7akgeeHkZ4,, PL4xAk5aclnUjeRz26fds2w1Mw8YvKHuSU
SFJV0RD55Pg,, PL4xAk5aclnUjeRz26fds2w1Mw8YvKHuSU
ZuyzmjLKJ24,, PL4xAk5aclnUiyy5I6QsjJ_3rdKoO0q04I
HK7mDSNqGfU,, PL4xAk5aclnUiyy5I6QsjJ_3rdKoO0q04I
IwWdj9plDWA,, PL4xAk5aclnUiyy5I6QsjJ_3rdKoO0q04I
21u3QgXk0wM,, PL4xAk5aclnUiyy5I6QsjJ_3rdKoO0q04I
wEEAr4aD_bU,, PL4xAk5aclnUiyy5I6QsjJ_3rdKoO0q04I
XTqZD5n2oCw,, PL4xAk5aclnUiyy5I6QsjJ_3rdKoO0q04I
Gag_HoWlLnE,, PL4xAk5aclnUiyy5I6QsjJ_3rdKoO0q04I
44lm6xWYDCQ,, PL4xAk5aclnUiyy5I6QsjJ_3rdKoO0q04I
UEM5bdHPWR4,, PL4xAk5aclnUiyy5I6QsjJ_3rdKoO0q04I
lrcLmtsFeNo,, PL4xAk5aclnUiyy5I6QsjJ_3rdKoO0q04I
7XlR_g1f-i0,, PL4xAk5aclnUiyy5I6QsjJ_3rdKoO0q04I
HFm9cyq-jXg,, PL4xAk5aclnUiyy5I6QsjJ_3rdKoO0q04I
8aAHEyLLFBw,, PL4xAk5aclnUjZ_bhvqdlGfMQohOiuE8Ul
e39tsmzE1Lw,, PL4xAk5aclnUjZ_bhvqdlGfMQohOiuE8Ul
tVZ0vp4owiA,, PL4xAk5aclnUjZ_bhvqdlGfMQohOiuE8Ul
Wp4x0KmNEC8,, PL4xAk5aclnUiyy5I6QsjJ_3rdKoO0q04I
N_53gX0_jUc,, PL4xAk5aclnUiyy5I6QsjJ_3rdKoO0q04I
mnYz3BjzEHo,, PL4xAk5aclnUiyy5I6QsjJ_3rdKoO0q04I
vD8CFqsWESs,, PL4xAk5aclnUj1nDv5x0UVATwpQwHC-8m9
n7rVMDl2KIo,, PL4xAk5aclnUiyy5I6QsjJ_3rdKoO0q04I
bspnf00z4CU,, PL4xAk5aclnUiyy5I6QsjJ_3rdKoO0q04I
3SO1XEL5yM8,http://www.learncheme.com/simulations/thermodynamics/thermo-1/joule-thomson-expansion,
UlbMLzhuvNg,, PL4xAk5aclnUj1nDv5x0UVATwpQwHC-8m9
XCB5cMmq--g,, PL4xAk5aclnUiyy5I6QsjJ_3rdKoO0q04I
g6fhEYYM3Uk,, PL4xAk5aclnUiyy5I6QsjJ_3rdKoO0q04I
551RiN1gOF0,, PL4xAk5aclnUiyy5I6QsjJ_3rdKoO0q04I
iBEinF6ebmE,, PL4xAk5aclnUiyy5I6QsjJ_3rdKoO0q04I
OJpEM-2K0TY,, PL4xAk5aclnUiyy5I6QsjJ_3rdKoO0q04I
sBbNmJakytQ,, PL4xAk5aclnUiyy5I6QsjJ_3rdKoO0q04I
zVSo7hxkFpg,, PL4xAk5aclnUiyy5I6QsjJ_3rdKoO0q04I
j-SJy8Nzsd0,, PL4xAk5aclnUiyy5I6QsjJ_3rdKoO0q04I
nM7Ir8iWDwM,,
AugDm-PlUvA,, PL4xAk5aclnUjZ_bhvqdlGfMQohOiuE8Ul
0uQZMH2GolI,, PL4xAk5aclnUjZ_bhvqdlGfMQohOiuE8Ul
qM0hJ5paQtY,, PL4xAk5aclnUjZ_bhvqdlGfMQohOiuE8Ul
6dU2fLkosTs,, PL4xAk5aclnUjZ_bhvqdlGfMQohOiuE8Ul
dcmrJMguwBY,, PL4xAk5aclnUiyy5I6QsjJ_3rdKoO0q04I
A8XHMi4UexQ,, PL4xAk5aclnUiyy5I6QsjJ_3rdKoO0q04I
B64ql759zXk,, PL4xAk5aclnUiyy5I6QsjJ_3rdKoO0q04I
GGJ9VNlvLHY,, PL4xAk5aclnUiyy5I6QsjJ_3rdKoO0q04I
yBUgRGYGbCQ,,
n7GV48hgJHI,, PL4xAk5aclnUjZ_bhvqdlGfMQohOiuE8Ul
vd_PK0eCh0A,, PL4xAk5aclnUiyy5I6QsjJ_3rdKoO0q04I
4TJe7jt0O3c,, PL4xAk5aclnUiyy5I6QsjJ_3rdKoO0q04I
q1bTESRw1ag,, PL4xAk5aclnUiyy5I6QsjJ_3rdKoO0q04I
zx_S2BhVf_0,, PL4xAk5aclnUiyy5I6QsjJ_3rdKoO0q04I
Ox1A0A6WX3E,, PL4xAk5aclnUiyy5I6QsjJ_3rdKoO0q04I
eFBaRX3B0e8,, PL4xAk5aclnUiyy5I6QsjJ_3rdKoO0q04I
tepL-O7jHAQ,, PL4xAk5aclnUiyy5I6QsjJ_3rdKoO0q04I
o4qwEgj9k1A,, PL4xAk5aclnUiyy5I6QsjJ_3rdKoO0q04I
uxewm1pkPw0,,
iR2fQ03Zs8c,,
ONpxGV-z6Fg,, PL4xAk5aclnUiyy5I6QsjJ_3rdKoO0q04I
7D4kjDaAwFI,, PL4xAk5aclnUj1nDv5x0UVATwpQwHC-8m9
LAr6Hn0h0vE,, PL4xAk5aclnUiyy5I6QsjJ_3rdKoO0q04I
hEzBdzPjf6I,, PL4xAk5aclnUiyy5I6QsjJ_3rdKoO0q04I
qhA3qmTg-xo,, PL4xAk5aclnUj1nDv5x0UVATwpQwHC-8m9
iBEinF6ebmE,, PL4xAk5aclnUiyy5I6QsjJ_3rdKoO0q04I
DKAclYgQ59w,, PL4xAk5aclnUj1nDv5x0UVATwpQwHC-8m9
QqEbN4dDp8M,, PL4xAk5aclnUiyy5I6QsjJ_3rdKoO0q04I
AXe-IUqzFGE,, PL4xAk5aclnUiyy5I6QsjJ_3rdKoO0q04I
10q0akdZ7QQ,, PL4xAk5aclnUiyy5I6QsjJ_3rdKoO0q04I
m6XaSGQi2wA,, PL4xAk5aclnUiyy5I6QsjJ_3rdKoO0q04I
y2t8nNI9cw4,, PL4xAk5aclnUiyy5I6QsjJ_3rdKoO0q04I
1og_BcG89aA,, PL4xAk5aclnUiyy5I6QsjJ_3rdKoO0q04I
BA77fu3zAbs,, PL4xAk5aclnUiyy5I6QsjJ_3rdKoO0q04I
qD04XetRVzk,, PL4xAk5aclnUiyy5I6QsjJ_3rdKoO0q04I
TBEEt8x4nSo,, PL4xAk5aclnUiyy5I6QsjJ_3rdKoO0q04I
0Pi3LhhrZxI,, PL4xAk5aclnUiyy5I6QsjJ_3rdKoO0q04I
Nij1vI1NZYo,, PL4xAk5aclnUj1nDv5x0UVATwpQwHC-8m9
rgXMjH-l1PM,, PL4xAk5aclnUjeRz26fds2w1Mw8YvKHuSU
jg0WCr6y9gI,, PL4xAk5aclnUjeRz26fds2w1Mw8YvKHuSU
Q6TBDJGKVwE,, PL4xAk5aclnUiyy5I6QsjJ_3rdKoO0q04I
nSbfIrgdkG8,, PL4xAk5aclnUjeRz26fds2w1Mw8YvKHuSU
zkPnOWRpseI,, PL4xAk5aclnUjeRz26fds2w1Mw8YvKHuSU
OMXarNKpXcE,, PL4xAk5aclnUjeRz26fds2w1Mw8YvKHuSU
by66rOBLSUg,, PL4xAk5aclnUjeRz26fds2w1Mw8YvKHuSU
aotP3hFohNw,, PL4xAk5aclnUjeRz26fds2w1Mw8YvKHuSU
ZkTw8bNrshA,, PL4xAk5aclnUjeRz26fds2w1Mw8YvKHuSU
s_4CYT_Jb2I,, PL4xAk5aclnUjeRz26fds2w1Mw8YvKHuSU
ndnIuhM8-LU,, PL4xAk5aclnUjeRz26fds2w1Mw8YvKHuSU
AbDyBvDbarM,, PL4xAk5aclnUjZ_bhvqdlGfMQohOiuE8Ul
Jz3RJU4GUCQ,, PL4xAk5aclnUj1nDv5x0UVATwpQwHC-8m9
MqhvAC22O00,, PL4xAk5aclnUjeRz26fds2w1Mw8YvKHuSU
XJpwjJ1741c,, PL4xAk5aclnUjZ_bhvqdlGfMQohOiuE8Ul
FR0BAEOM8E0,, PL4xAk5aclnUjeRz26fds2w1Mw8YvKHuSU
rNVSSeItPc0,, PL4xAk5aclnUjZ_bhvqdlGfMQohOiuE8Ul
7y9uGIaOiHI,, PL4xAk5aclnUjZ_bhvqdlGfMQohOiuE8Ul
ojaMGy7QCns,, PL4xAk5aclnUjeRz26fds2w1Mw8YvKHuSU
pFeGm0tmZgs,, PL4xAk5aclnUjZ_bhvqdlGfMQohOiuE8Ul
7N_CR5aF60s,,
41OY6zcE-6s,, PL4xAk5aclnUiyy5I6QsjJ_3rdKoO0q04I
pMN5XF4WJ5U,, PL4xAk5aclnUjZ_bhvqdlGfMQohOiuE8Ul
vaP71bNwIu8,, PL4xAk5aclnUjZ_bhvqdlGfMQohOiuE8Ul
bWOVVzevgOE,, PL4xAk5aclnUiyy5I6QsjJ_3rdKoO0q04I
ePF0Q9bEZzw,, PL4xAk5aclnUj1nDv5x0UVATwpQwHC-8m9
jLeGliz6wss,, PL4xAk5aclnUiyy5I6QsjJ_3rdKoO0q04I
5KrvJ9LT09I,http://www.learncheme.com/simulations/thermodynamics/thermo-1/pv-diagram-for-heating-vapor-liquid-mixture-at-constant-volume,
QUuYMaIEffs,, PL4xAk5aclnUiyy5I6QsjJ_3rdKoO0q04I
jGIHNKLMLCY,, PL4xAk5aclnUiyy5I6QsjJ_3rdKoO0q04I
6MftCqFHN3I,, PL4xAk5aclnUiyy5I6QsjJ_3rdKoO0q04I
5r4_b4Y8atA,, PL4xAk5aclnUiyy5I6QsjJ_3rdKoO0q04I
4igUQA6y1KA,, PL4xAk5aclnUiyy5I6QsjJ_3rdKoO0q04I
7OZlO502vPo,,
Va5zRSAtZ2E,http://www.learncheme.com/simulations/thermodynamics/thermo-1/pressure-temperature-phase-diagram-for-water,
9Y6RynSyPSI,, PL4xAk5aclnUiyy5I6QsjJ_3rdKoO0q04I
uEdgwhPPUE4,, PL4xAk5aclnUjeRz26fds2w1Mw8YvKHuSU
ShiEYZqLL_I,, PL4xAk5aclnUjeRz26fds2w1Mw8YvKHuSU
sk8HuHdFfz8,, PL4xAk5aclnUjeRz26fds2w1Mw8YvKHuSU
_CrpmDTuQIo,, PL4xAk5aclnUjeRz26fds2w1Mw8YvKHuSU
8_DfNm-EQvk,, PL4xAk5aclnUiyy5I6QsjJ_3rdKoO0q04I
_r4V7yP2e8A,, PL4xAk5aclnUjMQaDPzjOWCkGQORbYDNl5
fuqIKAOpVN0,,
vDRBlImmVas,, PL4xAk5aclnUjeRz26fds2w1Mw8YvKHuSU
4e_Dn4CpC9I,,
MRD7RffXFJg,,
tO7moFA3Tz8,,
1KADrPQTExw,,
LKeG0gfE3PE,,
VFlO-3cFgIQ,,
e7yFy7F0LVo,,
kFZmJlfZ5Y4,, PL4xAk5aclnUjMQaDPzjOWCkGQORbYDNl5
TvtE-nJZfj8,, PL4xAk5aclnUj1nDv5x0UVATwpQwHC-8m9
xUxy43W9tm4,, PL4xAk5aclnUjeRz26fds2w1Mw8YvKHuSU
BsVorzU_-jw,, PL4xAk5aclnUjeRz26fds2w1Mw8YvKHuSU
pOxYjUFnyGg,, PL4xAk5aclnUjeRz26fds2w1Mw8YvKHuSU
0IGQKS_3Vpw,, PL4xAk5aclnUjeRz26fds2w1Mw8YvKHuSU
ONeaUqFXuJE,http://www.learncheme.com/simulations/thermodynamics/thermo-2/single-component-fugacity,
30hVNzxNgXQ,, PL4xAk5aclnUjeRz26fds2w1Mw8YvKHuSU
ZqbdhF6422o,, PL4xAk5aclnUjeRz26fds2w1Mw8YvKHuSU
0b9j6b9GqwE,, PL4xAk5aclnUjZ_bhvqdlGfMQohOiuE8Ul
C4EDtrdojyM,, PL4xAk5aclnUjeRz26fds2w1Mw8YvKHuSU
AMBoLiQJMFQ,, PL4xAk5aclnUjeRz26fds2w1Mw8YvKHuSU
vZFUs1Gxd2E,, PL4xAk5aclnUj1nDv5x0UVATwpQwHC-8m9
DDCxCAo7IlM,, PL4xAk5aclnUj1nDv5x0UVATwpQwHC-8m9
Cr-H-fK6aa8,http://www.learncheme.com/simulations/thermodynamics/thermo-2/fugacity-dependence-on-pressure-in-an-ideal-binary-mixture,
eZj1IswXOeg,, PL4xAk5aclnUjZ_bhvqdlGfMQohOiuE8Ul
9vSApLIo2xs,, PL4xAk5aclnUjMQaDPzjOWCkGQORbYDNl5
Z_a10finQ6Y,, PL4xAk5aclnUjZ_bhvqdlGfMQohOiuE8Ul
XD48Edhs_Bc,, PL4xAk5aclnUjZ_bhvqdlGfMQohOiuE8Ul
j7wy1WW3KLA,, PL4xAk5aclnUjZ_bhvqdlGfMQohOiuE8Ul
sl5O4Wp20ZU,, PL4xAk5aclnUjZ_bhvqdlGfMQohOiuE8Ul
Mi2J_A32_HI,, PL4xAk5aclnUjMQaDPzjOWCkGQORbYDNl5
GAbTChXjQQo,, PL4xAk5aclnUjMQaDPzjOWCkGQORbYDNl5
OZFB48wVtjw,, PL4xAk5aclnUjMQaDPzjOWCkGQORbYDNl5
gqJ8d5qPeag,, PL4xAk5aclnUjeRz26fds2w1Mw8YvKHuSU
MXf9sgoY3Wc,, PL4xAk5aclnUjMQaDPzjOWCkGQORbYDNl5
5Ff9epoRnfE,, PL4xAk5aclnUjMQaDPzjOWCkGQORbYDNl5
ewUspE3c3Fk,, PL4xAk5aclnUjMQaDPzjOWCkGQORbYDNl5
192BbCi7Yk0,, PL4xAk5aclnUjZ_bhvqdlGfMQohOiuE8Ul
8GdbSYXcbow,, PL4xAk5aclnUjZ_bhvqdlGfMQohOiuE8Ul
Tb8rsFjXWnc,, PL4xAk5aclnUjZ_bhvqdlGfMQohOiuE8Ul
rIawluT67xM,,
actliYro8fU,, PL4xAk5aclnUjZ_bhvqdlGfMQohOiuE8Ul
ddC-itgpkDo,, PL4xAk5aclnUjZ_bhvqdlGfMQohOiuE8Ul
CcqIRrB-CIE,, PL4xAk5aclnUjZ_bhvqdlGfMQohOiuE8Ul
T9gZfHKBQ2E,, PL4xAk5aclnUjZ_bhvqdlGfMQohOiuE8Ul
oJzvovVyYHw,,
yK9zRi66Wl8,, PL5DB67B76382FC256
wRoOzxaKw8Y,, PL4xAk5aclnUjeRz26fds2w1Mw8YvKHuSU
E_Vuz8cfbEo,,
R9-PvyC8pFU,, PL4xAk5aclnUjMQaDPzjOWCkGQORbYDNl5
-XcTEknC9Aw,, PL4xAk5aclnUjMQaDPzjOWCkGQORbYDNl5
_jJNc_ROxAs,, PL4xAk5aclnUjMQaDPzjOWCkGQORbYDNl5
Q-hInH6WLy4,,
W13Pqg7gThs,,
jKe6OHWOXZs,, PL4xAk5aclnUjZ_bhvqdlGfMQohOiuE8Ul
mIMYoTA5BKI,, PL4xAk5aclnUjMQaDPzjOWCkGQORbYDNl5
ZHtr-jtSD-k,, PL4xAk5aclnUj1nDv5x0UVATwpQwHC-8m9
hrh-yzL-Up8,, PL4xAk5aclnUj1nDv5x0UVATwpQwHC-8m9
Aw4VsloWVjM,, PL4xAk5aclnUjMQaDPzjOWCkGQORbYDNl5
NZZRTtZ6KG4,,
EhLpYbP9st0,, PL4xAk5aclnUjMQaDPzjOWCkGQORbYDNl5
7fT0VACp0uI,,
4VZ2vllT6Hk,, PL4xAk5aclnUiyy5I6QsjJ_3rdKoO0q04I
qh0sm1_UbEo,, PL4xAk5aclnUgmjEaNDIuPwzRgHsgFEEDa
sqbzbkdeemU,, PL4xAk5aclnUgmjEaNDIuPwzRgHsgFEEDa
X1jNM5qI-b4,, PL4xAk5aclnUjZ_bhvqdlGfMQohOiuE8Ul
hFH5FCoeqaI,, PL5DB67B76382FC256
BbXpfxEN07I,, PL4xAk5aclnUgmjEaNDIuPwzRgHsgFEEDa
AtwjIoO8ykk,, PL4xAk5aclnUjZ_bhvqdlGfMQohOiuE8Ul
v8qoXlaraJM,, PL4xAk5aclnUjZ_bhvqdlGfMQohOiuE8Ul
VWiyXw4ucV8,, PL4xAk5aclnUj1nDv5x0UVATwpQwHC-8m9
Xz09n4P5yEY,,
bOaCPI1HHEU,, PL4xAk5aclnUjMQaDPzjOWCkGQORbYDNl5
19gr-1ePMAI,, PL4xAk5aclnUj1nDv5x0UVATwpQwHC-8m9
tfziawcfnwQ,, PL4xAk5aclnUjMQaDPzjOWCkGQORbYDNl5
Adr9_2LnQdw,, PL4xAk5aclnUjMQaDPzjOWCkGQORbYDNl5
PVUp2cpnwsU,, PL4xAk5aclnUjMQaDPzjOWCkGQORbYDNl5
2a8URbkxEtU,, PL4xAk5aclnUjMQaDPzjOWCkGQORbYDNl5
Yyse4fiOE4U,, PL4xAk5aclnUjMQaDPzjOWCkGQORbYDNl5
5L_PkYVTT6s,, PL4xAk5aclnUjMQaDPzjOWCkGQORbYDNl5
0nOPZQHPpyk,, PL4xAk5aclnUjMQaDPzjOWCkGQORbYDNl5
1h66pdhQWng,, PL4xAk5aclnUjMQaDPzjOWCkGQORbYDNl5
_26D3TDKH8Y,, PL4xAk5aclnUjMQaDPzjOWCkGQORbYDNl5
bs2T5oCfRak,, PL4xAk5aclnUjMQaDPzjOWCkGQORbYDNl5
NX1e1WHAK7o,, PL4xAk5aclnUjMQaDPzjOWCkGQORbYDNl5
PX7hmkSYHoc,, PL4xAk5aclnUjMQaDPzjOWCkGQORbYDNl5
theq1Go858E,, PL4xAk5aclnUjMQaDPzjOWCkGQORbYDNl5
AP2j-Qgculc,, PL4xAk5aclnUj1nDv5x0UVATwpQwHC-8m9
rpzwcrbCl0o,, PL4xAk5aclnUjMQaDPzjOWCkGQORbYDNl5
FqtTXV0jhyI,, PL4xAk5aclnUj1nDv5x0UVATwpQwHC-8m9
4rUl-P5-24Q,, PL4xAk5aclnUjZ_bhvqdlGfMQohOiuE8Ul
0QFLng0fz68,, PL4xAk5aclnUjMQaDPzjOWCkGQORbYDNl5
uwwdCkOVEiA,, PL4xAk5aclnUj1nDv5x0UVATwpQwHC-8m9
vJgEfmkXy-E,http://www.learncheme.com/simulations/materials-science/ssle-equilibrium,
v2ICxyxmTZU,, PL4xAk5aclnUj1nDv5x0UVATwpQwHC-8m9
nfWaOsEO17U,, PL5DB67B76382FC256
MWVJgEPDoC0,, PL4xAk5aclnUjMQaDPzjOWCkGQORbYDNl5
aMo5_Wm8RMU,, PL4xAk5aclnUjMQaDPzjOWCkGQORbYDNl5
sNsWABMT0As,, PL4xAk5aclnUjMQaDPzjOWCkGQORbYDNl5
56xq349qtp8,,
byGuWQrnXNo,http://www.learncheme.com/simulations/thermodynamics/thermo-2/lever-rule-for-the-uranium-titanium-solid-liquid-phase-diagram,
hL7pwkfCRyA,,
dDNE_Mk-lto,,
WSFIatnOv7E,, PL4xAk5aclnUjMQaDPzjOWCkGQORbYDNl5
28WWKdf3h1o,, PL4xAk5aclnUjMQaDPzjOWCkGQORbYDNl5
9f_mr3f4a-A,, PL4xAk5aclnUjMQaDPzjOWCkGQORbYDNl5
3iWYh7qqzxw,, PL4xAk5aclnUjMQaDPzjOWCkGQORbYDNl5
31vhjLetP_o,,
leguI2H2Cu4,, PL4xAk5aclnUjMQaDPzjOWCkGQORbYDNl5
moEGVoZp9zg,, PL4xAk5aclnUjMQaDPzjOWCkGQORbYDNl5
cAwucUAPeEo,, PL4xAk5aclnUjMQaDPzjOWCkGQORbYDNl5
KYjJbRV0cOo,, PL4xAk5aclnUjMQaDPzjOWCkGQORbYDNl5
Xg8KxDdBPTU,http://www.learncheme.com/simulations/thermodynamics/thermo-2/vapor-pressure-of-binary-solutions,
KUKBwXLS218,, PL4xAk5aclnUjMQaDPzjOWCkGQORbYDNl5
u9TBxaqtAgQ,, PL4xAk5aclnUjMQaDPzjOWCkGQORbYDNl5
tZHgj1DRh2k,, PL4xAk5aclnUjZ_bhvqdlGfMQohOiuE8Ul
HzR3xUk-ejI,, PL4xAk5aclnUj1nDv5x0UVATwpQwHC-8m9
X5cBzBZ6sh8,, PL5DB67B76382FC256
v-c-rJ2hZaE,, PL4xAk5aclnUj1nDv5x0UVATwpQwHC-8m9
9_i-W5GhdbM,, PL5DB67B76382FC256
wPouw3HFJxc,, PL4xAk5aclnUgmjEaNDIuPwzRgHsgFEEDa
0Loz5tt8xW8,, PL4xAk5aclnUj1nDv5x0UVATwpQwHC-8m9
fu4oxeCLprA,, PL4xAk5aclnUjMQaDPzjOWCkGQORbYDNl5
r7aY7zTvwYg,, PL4xAk5aclnUjZ_bhvqdlGfMQohOiuE8Ul
syZcDphYGKA,, PL4xAk5aclnUjZ_bhvqdlGfMQohOiuE8Ul
GlnqpSsjJds,, PL4xAk5aclnUjZ_bhvqdlGfMQohOiuE8Ul
7BZA_75MaZQ,, PL5DB67B76382FC256
6wE4Tk6OjGY,, PL4xAk5aclnUjMQaDPzjOWCkGQORbYDNl5
rAL_j7fidHk,, PL4xAk5aclnUjMQaDPzjOWCkGQORbYDNl5
REDjSS5AP1U,, PL4xAk5aclnUj1nDv5x0UVATwpQwHC-8m9
R6SPUMn7Poo,, PL4xAk5aclnUjMQaDPzjOWCkGQORbYDNl5
Zadfa1FzMoQ,, PL4xAk5aclnUjMQaDPzjOWCkGQORbYDNl5
ZEkpnLeA5ro,,
HBem37LpcQo,, PL4xAk5aclnUiyy5I6QsjJ_3rdKoO0q04I
gDclgWqZhy4,, PL4xAk5aclnUiyy5I6QsjJ_3rdKoO0q04I
S3VXY3rH9HY,, PL4xAk5aclnUj1nDv5x0UVATwpQwHC-8m9
a2XimGRfu3Y,, PL4xAk5aclnUjMQaDPzjOWCkGQORbYDNl5
TFmIPEG_X3A,, PL4xAk5aclnUjMQaDPzjOWCkGQORbYDNl5
dv9SsX1fM94,, PL4xAk5aclnUjMQaDPzjOWCkGQORbYDNl5
vhjDH38Atpw,, PL4xAk5aclnUjMQaDPzjOWCkGQORbYDNl5
iuSNOXxvz2c,, PL4xAk5aclnUjMQaDPzjOWCkGQORbYDNl5
SWhZkU7e8yw,, PL4xAk5aclnUgmjEaNDIuPwzRgHsgFEEDa
hGGFvXUh-BA,, PL4xAk5aclnUj1nDv5x0UVATwpQwHC-8m9
nKw9fMwXh0c,, PL4xAk5aclnUgmjEaNDIuPwzRgHsgFEEDa
ztKwAXW3KWE,, PL4xAk5aclnUgmjEaNDIuPwzRgHsgFEEDa
TxjcVSXEj6c,, PL4xAk5aclnUj1nDv5x0UVATwpQwHC-8m9
uJXOCpDhuSQ,, PL4xAk5aclnUgmjEaNDIuPwzRgHsgFEEDa
G1jmk4q1yes,, PL4xAk5aclnUjZ_bhvqdlGfMQohOiuE8Ul
reLc8eZMTw4,, PL4xAk5aclnUj1nDv5x0UVATwpQwHC-8m9
BgSC8YD1oTQ,, PL4xAk5aclnUjZ_bhvqdlGfMQohOiuE8Ul
aIrWKsZlkv0,, PL4xAk5aclnUgmjEaNDIuPwzRgHsgFEEDa
796ejNhW524,, PL4xAk5aclnUgmjEaNDIuPwzRgHsgFEEDa
3ArBH_gbsNw,, PL4xAk5aclnUgmjEaNDIuPwzRgHsgFEEDa
Gn8KJ0hrAuo,, PL4xAk5aclnUgmjEaNDIuPwzRgHsgFEEDa
854owkFtSFs,, PL4xAk5aclnUgmjEaNDIuPwzRgHsgFEEDa
3MwnYUzx7Ec,, PL4xAk5aclnUgmjEaNDIuPwzRgHsgFEEDa
67P5BdtGVWA,, PL4xAk5aclnUgmjEaNDIuPwzRgHsgFEEDa
09POR4okUzI,, PL4xAk5aclnUgmjEaNDIuPwzRgHsgFEEDa
bb8C7xxGkFw,, PL4xAk5aclnUgmjEaNDIuPwzRgHsgFEEDa
pJJZMcAo44g,, PL4xAk5aclnUgmjEaNDIuPwzRgHsgFEEDa
b6FFfON_3YM,, PL4xAk5aclnUgmjEaNDIuPwzRgHsgFEEDa
ovQXDFwgDvQ,, PL4xAk5aclnUgmjEaNDIuPwzRgHsgFEEDa
sdXAViWqXCs,, PL4xAk5aclnUgmjEaNDIuPwzRgHsgFEEDa
RmfHz7ZZzm8,, PL4xAk5aclnUgmjEaNDIuPwzRgHsgFEEDa
zslToiQEcAY,, PL4xAk5aclnUgmjEaNDIuPwzRgHsgFEEDa
FmAvXeHtMtA,, PL4xAk5aclnUgmjEaNDIuPwzRgHsgFEEDa
KQHUM4GdoNs,, PL4xAk5aclnUgmjEaNDIuPwzRgHsgFEEDa
AvaG9hq3iL4,, PL4xAk5aclnUgmjEaNDIuPwzRgHsgFEEDa
zYA1cYDghUw,, PL4xAk5aclnUiyy5I6QsjJ_3rdKoO0q04I
dZOVEe_O_6Y,, PL4xAk5aclnUgmjEaNDIuPwzRgHsgFEEDa
F1GMvLTbd64,, PL4xAk5aclnUgmjEaNDIuPwzRgHsgFEEDa
VJtZ4OZFvks,, PL4xAk5aclnUgmjEaNDIuPwzRgHsgFEEDa
EQS69hRyy_Q,, PL4xAk5aclnUgmjEaNDIuPwzRgHsgFEEDa
azRI_E49Pcs,, PL4xAk5aclnUgmjEaNDIuPwzRgHsgFEEDa
4SUsuLVFu3A,, PL4xAk5aclnUiyy5I6QsjJ_3rdKoO0q04I
9MauG9JoeMI,, PL4xAk5aclnUiyy5I6QsjJ_3rdKoO0q04I
zIu8DqtATAs,, PL4xAk5aclnUjeRz26fds2w1Mw8YvKHuSU
2YYoyTKEY0w,, PL4xAk5aclnUjeRz26fds2w1Mw8YvKHuSU
z3XP-D1F8MA,,
hMY6MICQrZ8,,
4P1RJjb4CSQ,, PL4xAk5aclnUjeRz26fds2w1Mw8YvKHuSU
jLIIkVnEFpY,, PL4xAk5aclnUjMQaDPzjOWCkGQORbYDNl5
0QFLng0fz68,, PL4xAk5aclnUjMQaDPzjOWCkGQORbYDNl5
Fhrd7Y_3epc,, PL4xAk5aclnUjeRz26fds2w1Mw8YvKHuSU
bt-PZBPFcWM,, PL4xAk5aclnUjeRz26fds2w1Mw8YvKHuSU
GYeSaXRdagY,, PL4xAk5aclnUjMQaDPzjOWCkGQORbYDNl5
zoSblGYqoaM,, PL4xAk5aclnUjMQaDPzjOWCkGQORbYDNl5
K5dbhNAzb8I,, PL4xAk5aclnUjMQaDPzjOWCkGQORbYDNl5
Ces5nSo6TNQ,, PL4xAk5aclnUjMQaDPzjOWCkGQORbYDNl5
rnLJDN3s4Us,, PL4xAk5aclnUjeRz26fds2w1Mw8YvKHuSU
jWzLzEFnKUU,, PL4xAk5aclnUjMQaDPzjOWCkGQORbYDNl5
uCx-jVjwROo,, PL4xAk5aclnUiyy5I6QsjJ_3rdKoO0q04I
sipQC20yt84,, PL4xAk5aclnUjeRz26fds2w1Mw8YvKHuSU
NAcrBYtsMUs,, PL5DB67B76382FC256
MfpOBF9uCJk,, PL5DB67B76382FC256
s6UZ5p-3UnA,, PL5DB67B76382FC256
28WWKdf3h1o,, PL4xAk5aclnUjMQaDPzjOWCkGQORbYDNl5
kMsbpjMXp4s,, PL5DB67B76382FC256
jmGhLfw8PlI,, PL5DB67B76382FC256
Th1hNfzs7tk,, PL5DB67B76382FC256
sciarA7TwTg,, PL5DB67B76382FC256
ZAB7Us_TrXM,, PL5DB67B76382FC256
545axRTlsT0,, PL5DB67B76382FC256
pY9BFB2-XVY,, PL5DB67B76382FC256
2Kv9UtYtxEU,, PL5DB67B76382FC256
md_exnQWO5c,, PL5DB67B76382FC256
tHwUUfrRKYw,, PL5DB67B76382FC256
jkGQ7S2DC7I,, PL5DB67B76382FC256
4yusUmsFXK4,, PL5DB67B76382FC256
TbNNj39z9K0,, PL5DB67B76382FC256
SsLPmGUNLAI,, PL5DB67B76382FC256
OX7qWIMSBw8,, PL5DB67B76382FC256
ZKu3Sv-yvpI,, PL5DB67B76382FC256
mplF5fAos4E,, PL5DB67B76382FC256
N5uNzFjYfMc,, PL5DB67B76382FC256
bKgA0EFuQIQ,, PL5DB67B76382FC256
Gmvn3gyQFLs,, PL5DB67B76382FC256
L317JDyXR3g,, PL5DB67B76382FC256
nsOUXL0RD9c,, PL5DB67B76382FC256
4O2c1JfWqkI,, PL5DB67B76382FC256
5zDUoROjmPs,, PL5DB67B76382FC256
7bZQrsyqLq8,, PL5DB67B76382FC256
E-Gn2DScjyA,, PL4xAk5aclnUiyy5I6QsjJ_3rdKoO0q04I
_r4V7yP2e8A,, PL4xAk5aclnUjMQaDPzjOWCkGQORbYDNl5
lwqJw-hLFF8,, PL5DB67B76382FC256
EAWsAl3YTmA,, PL5DB67B76382FC256
2UMsmwlSDjY,, PL5DB67B76382FC256
K8UJWkdTexM,, PL5DB67B76382FC256
S99TBTY3kyk,, PL5DB67B76382FC256
n7DPiuHllZE,,
0UO1VLxOvwc,, PL5DB67B76382FC256
s_5fu8_lHlI,, PL5DB67B76382FC256
ZkTw8bNrshA,, PL4xAk5aclnUjeRz26fds2w1Mw8YvKHuSU
zlyE77k2YXI,, PL5DB67B76382FC256
mGcid0zxBdQ,, PL5DB67B76382FC256
Fhrd7Y_3epc,, PL4xAk5aclnUjeRz26fds2w1Mw8YvKHuSU
29C2gQMfdC0,, PL5DB67B76382FC256
nfXQYquDM24,, PL5DB67B76382FC256
wC8GsU8_LoI,, PL5DB67B76382FC256
gcCcKRX8i7E,, PL5DB67B76382FC256
EEUtRiuWK2o,, PL4xAk5aclnUiyy5I6QsjJ_3rdKoO0q04I
44lm6xWYDCQ,, PL4xAk5aclnUiyy5I6QsjJ_3rdKoO0q04I
UEM5bdHPWR4,, PL4xAk5aclnUiyy5I6QsjJ_3rdKoO0q04I
lrcLmtsFeNo,, PL4xAk5aclnUiyy5I6QsjJ_3rdKoO0q04I
pOUvuPwj64Y,, PL5DB67B76382FC256
VTgxBOM-s60,, PL5DB67B76382FC256
8db5_fD06gg,, PL5DB67B76382FC256
LjeiQeasg0E,, PL5DB67B76382FC256
uzfTJjr2SGs,, PL5DB67B76382FC256
9Y6RynSyPSI,, PL4xAk5aclnUiyy5I6QsjJ_3rdKoO0q04I
cFQWc4SKgvU,, PL5DB67B76382FC256
VjfgUIwt9o8,, PL5DB67B76382FC256
gGYHXhcKM5s,,
Af_SwI40I9E,, PL5DB67B76382FC256
wQISasY3xKE,, PL5DB67B76382FC256
