title, , , , url,,
About/Contact Us, , , , /contact-us,,
 , Testimonials, , , /contact-us/testimonials,,
Home, , , , /home,,
Instructor Resources, , , , /instructor-resources,,
 , Instructor Materials, , , /instructor-resources/conceptest-inventory,,
 , , Controls, , /instructor-resources/conceptest-inventory/controls,,
 , , , Controls ConcepTest Files, /instructor-resources/conceptest-inventory/controls/controls-conceptest-files,,
 , , Fluid Mechanics, , /instructor-resources/conceptest-inventory/fluid-mechanics,,
 , , , Fluid Mechanics ConcepTest Files, /instructor-resources/conceptest-inventory/fluid-mechanics/fluid-mechanics-conceptest-files,,
 , , Heat Transfer, , /instructor-resources/conceptest-inventory/heat-transfer,,
 , , , Heat Transfer ConcepTest Files, /instructor-resources/conceptest-inventory/heat-transfer/heat-transfer-conceptest-files,,
 , , Kinetics and Reactor Design, , /instructor-resources/conceptest-inventory/kinetics-and-reactor-design,,
 , , , Kinetics ConcepTest Files, /instructor-resources/conceptest-inventory/kinetics-and-reactor-design/kinetics-conceptest-files,,
 , , Material and Energy Balances, , /instructor-resources/conceptest-inventory/material-and-energy-balances,,
 , , , MEB ConcepTest Files, /instructor-resources/conceptest-inventory/material-and-energy-balances/meb-conceptest-files,,
 , , Materials Science, , /instructor-resources/conceptest-inventory/materials-science,,
 , , , Materials Science ConcepTest Files, /instructor-resources/conceptest-inventory/materials-science/materials-science-conceptest-files,,
 , , Separations and Mass Transfer, , /instructor-resources/conceptest-inventory/separations-and-mass-transfer,,
 , , , Separations and Mass Transfer ConcepTest Files, /instructor-resources/conceptest-inventory/separations-and-mass-transfer/separations-and-mass-transfer-conceptest-files,,
 , , Thermodynamics, , /instructor-resources/conceptest-inventory/thermodynamics,,
 , , , Thermodynamics ConcepTest Files, /instructor-resources/conceptest-inventory/thermodynamics/thermodynamics-conceptest-files,,
 , Screencast Resources, , , /instructor-resources/screencast-resources,,
learnmeche, , , , /learnmeche,,
Quiz Yourself, , , , /quiz-yourself,,
 , Interactive Self-Study Modules, , , /quiz-yourself/interactive-modules,,
 , , Quiz video test, , /quiz-yourself/interactive-modules/quiz-video-test,,
 , , Self-Study Modules Flowchart, , /quiz-yourself/interactive-modules/self-study-modules-flowchart,,
 , Step-by-Step Interactive Simulations, , , /quiz-yourself/step-by-step-simulations,,
 , , Construct a P-x-y Diagram for VLE, , /quiz-yourself/step-by-step-simulations/construct-a-p-x-y-diagram-for-vle,,
 , , Construct a T-x-y Diagram for VLE, , /quiz-yourself/step-by-step-simulations/construct-a-t-x-y-diagram-for-vle,,
 , , Identify Chemical Potential Plots, , /quiz-yourself/step-by-step-simulations/identify-chemical-potential-plots,,
 , , Mass Balances in Absorption and Stripping Units, , /quiz-yourself/step-by-step-simulations/mass-balances-in-absorption-and-stripping-units,,
 , , Partial Molar Enthalpy and Entropy Quiz, , /quiz-yourself/step-by-step-simulations/partial-molar-enthalpy-and-entropy-quiz,,
Screencasts, , , , /screencasts,,
 , Benefits/Uses of SC, , , /screencasts/benefitsofsc,,
 , Catalysis, , , /screencasts/catalysis,,
 , Chemistry, , , /screencasts/chemistry,,
 , Engineering Computing, , , /screencasts/computing,,
 , Engineering Mathematics, , , /screencasts/engineering-mathematics,,
 , example-iframe, , , /screencasts/example-iframe,,
 , FE Exam Review, , , /screencasts/fe-review,,
 , Fluid Mechanics, , , /screencasts/fluid-mechanics,,
 , ," Textbook: Fundamentals of Fluid Mechanics (B.R. Munson,  T.H. Okiishi,  W.H. Huebsch,  Rothmayer - 7th Ed.)",, /screencasts/fluid-mechanics/textbook-munson-7th,, 
 , GadgetFiles, , , /screencasts/gadgetfiles,,
 , Heat Transfer, , , /screencasts/heat-transfer,,
 , , Heat Transfer Quiz Screencasts, , /screencasts/heat-transfer/heat-transfer-quiz-screencasts,,
 , , Textbook: Introduction to Heat Transfer (5th Edition), , /screencasts/heat-transfer/textbook-incropera-5th,,
 , Kinetics/Reactor Design, , , /screencasts/kinetics-reactor-design,,
 , , Kinetics Exam Review, , /screencasts/kinetics-reactor-design/exam-review,,
 , , Textbook: Essentials of Chemical Reaction Engineering (1st Edition), , /screencasts/kinetics-reactor-design/textbook-fogler-1st,,
 , , textbook-hill-2nd, , /screencasts/kinetics-reactor-design/textbook-hill-2nd,,
 , , Textbook: Chemical Reactor Analysis and Design Fundamentals (1st Edition), , /screencasts/kinetics-reactor-design/textbook-rawlings-1st,,
 , Mass/Energy Balances, , , /screencasts/mass-energy-balances,,
 , , MEB Exam Review, , /screencasts/mass-energy-balances/exam-review,,
 , , Textbook: Elementary Principles of Chemical Processes (3rd Edition), , /screencasts/mass-energy-balances/textbook-felder-3rd,,
 , Materials Science, , , /screencasts/materials-science,,
 , , Textbook: Fundamentals of Materials Science and Engineering (4th Edition), , /screencasts/materials-science/textbook-callister-4th,,
 , , Textbook: Materials Science and Engineering: An Introduction (8th Edition), , /screencasts/materials-science/textbook-callister-8th,,
 , Physical Chemistry, , , /screencasts/p-chem,,
 , Process Control, , , /screencasts/process-controls,,
 , , Blending Process: Closed-Loop Response, , /screencasts/process-controls/blending-process-closed-loop-response,,
 , , Blending Process: Closed-Loop Stability, , /screencasts/process-controls/blending-process-closed-loop-stability,,
 , , Blending Process: Closing the Loop, , /screencasts/process-controls/blending-process-closing-the-loop,,
 , , Blending Process: Deviation Variables, , /screencasts/process-controls/blending-process-deviation-variables,,
 , , Blending Process: Direct Synthesis, , /screencasts/process-controls/blending-process-direct-synthesis,,
 , , Blending Process: Dynamic Modeling, , /screencasts/process-controls/blending-process-dynamic-modeling,,
 , , Blending Process: Introduction to Laplace Transform, , /screencasts/process-controls/blending-process-introduction-to-laplace-transform,,
 , , Blending Process: Introduction to Linearization, , /screencasts/process-controls/blending-process-introduction-to-linearization,,
 , , Blending Process: Introduction to Ratio Control, , /screencasts/process-controls/blending-process-introduction-to-ratio-control,,
 , , Blending Process: Laplace Transform and State Space Quiz Video, , /screencasts/process-controls/blending-process-laplace-transform-and-state-space-quiz-video,,
 , , Blending Process: Laplace Transformation Example, , /screencasts/process-controls/blending-process-laplace-transformation-example,,
 , , Blending Process: Linearization Example, , /screencasts/process-controls/blending-process-linearization-example,,
 , , Blending Process: Ratio Control Example, , /screencasts/process-controls/blending-process-ratio-control-example,,
 , , Blending Process: Relative Gain Array, , /screencasts/process-controls/blending-process-relative-gain-array,,
 , , Blending Process: State Space, , /screencasts/process-controls/blending-process-state-space,,
 , , Blending Process: Steady-State, , /screencasts/process-controls/blending-process-steady-state,,
 , , Process Control: Quiz Screencasts, , /screencasts/process-controls/process-control-quiz-screencasts,,
 , Process Design, , , /screencasts/process-design,,
 , Quizzes, , , /screencasts/quizzes,,
 , , Fluids: Quiz Screencasts, , /screencasts/quizzes/fluids-quiz-screencasts,,
 , , , Bernoulli Equation Derivation, /screencasts/quizzes/fluids-quiz-screencasts/bernoulli-equation-derivation,,
 , , , Blasius Example, /screencasts/quizzes/fluids-quiz-screencasts/blasius-example,,
 , , , Blasius Solution for Boundary Layer Flow, /screencasts/quizzes/fluids-quiz-screencasts/blasius-solution-for-boundary-layer-flow,,
 , , , Characteristics of a Fluid, /screencasts/quizzes/fluids-quiz-screencasts/characteristics-of-a-fluid,,
 , , , Introduction to Hydrostatic Pressure, /screencasts/quizzes/fluids-quiz-screencasts/introduction-to-hydrostatic-pressure,,
 , , , Simple Bernoulli Equation Example, /screencasts/quizzes/fluids-quiz-screencasts/simple-bernoulli-equation-example,,
 , , , What is Buoyancy?, /screencasts/quizzes/fluids-quiz-screencasts/what-is-buoyancy,,
 , , Kinetics: Quiz Screencasts, , /screencasts/quizzes/kinetics-quiz-screencasts,,
 , , , Batch Reactor Overview, /screencasts/quizzes/kinetics-quiz-screencasts/batch-reactor-overview,,
 , , , Continuous Stirred Tank Reactor Overview, /screencasts/quizzes/kinetics-quiz-screencasts/continuous-stirred-tank-reactor-overview,,
 , , , Mole Balance on a Plug Flow Reactor, /screencasts/quizzes/kinetics-quiz-screencasts/mole-balance-on-a-plug-flow-reactor,,
 , , , Multiple Steady-States in a CSTR: Heat Generation, /screencasts/quizzes/kinetics-quiz-screencasts/multiple-steady-states-in-a-cstr-heat-generation,,
 , , , Multiple Steady States in a CSTR (Interactive Simulation), /screencasts/quizzes/kinetics-quiz-screencasts/multiple-steady-states-in-a-cstr-interactive-simulation,,
 , , , Multiple Steady States Part 1, /screencasts/quizzes/kinetics-quiz-screencasts/multiple-steady-states-part-1,,
 , , , Multiple Steady States Part 2, /screencasts/quizzes/kinetics-quiz-screencasts/multiple-steady-states-part-2,,
 , , , Plug Flow Reactor Overview, /screencasts/quizzes/kinetics-quiz-screencasts/plug-flow-reactor-overview,,
 , , , Semibatch Reactor Overview, /screencasts/quizzes/kinetics-quiz-screencasts/semibatch-reactor-overview,,
 , , Material and Energy Balances Quiz Screencasts, , /screencasts/quizzes/material-and-energy-balances-quiz-screencasts,,
 , , , Average Molecular Weight, /screencasts/quizzes/material-and-energy-balances-quiz-screencasts/average-molecular-weight,,
 , , , Bubble and Dew Points for Binary Mixtures, /screencasts/quizzes/material-and-energy-balances-quiz-screencasts/bubble-and-dew-points-for-binary-mixtures,,
 , , , Bypass Example, /screencasts/quizzes/material-and-energy-balances-quiz-screencasts/bypass-example,,
 , , , Cubic Equation of State Introduction, /screencasts/quizzes/material-and-energy-balances-quiz-screencasts/cubic-equation-of-state-introduction,,
 , , , Degree of Freedom Analysis on Multiple Units, /screencasts/quizzes/material-and-energy-balances-quiz-screencasts/degree-of-freedom-analysis-on-multiple-units,,
 , , ," Density,  Specific Volume, and Specific Gravity", /screencasts/quizzes/material-and-energy-balances-quiz-screencasts/density-specific-volume-and-specific-gravity,,
 , , , Example of a Purge Process, /screencasts/quizzes/material-and-energy-balances-quiz-screencasts/example-of-a-purge-process,,
 , , , Extent of Reaction, /screencasts/quizzes/material-and-energy-balances-quiz-screencasts/extent-of-reaction,,
 , , , Flow Chart for Multiple Units, /screencasts/quizzes/material-and-energy-balances-quiz-screencasts/flow-chart-for-multiple-units,,
 , , , Force and Weight, /screencasts/quizzes/material-and-energy-balances-quiz-screencasts/force-and-weight,,
 , , , Fractional Conversion, /screencasts/quizzes/material-and-energy-balances-quiz-screencasts/fractional-conversion,,
 , , , General Balance Equation, /screencasts/quizzes/material-and-energy-balances-quiz-screencasts/general-balance-equation,,
 , , , General Mass Balance on a Single Tank, /screencasts/quizzes/material-and-energy-balances-quiz-screencasts/general-mass-balance-on-a-single-tank,,
 , , , Heat of Combustion, /screencasts/quizzes/material-and-energy-balances-quiz-screencasts/heat-of-combustion,,
 , , , Hess's Law, /screencasts/quizzes/material-and-energy-balances-quiz-screencasts/hess-s-law,,
 , , , How to Use a Psychrometric Chart, /screencasts/quizzes/material-and-energy-balances-quiz-screencasts/how-to-use-a-psychrometric-chart,,
 , , , Hypothetical Process Paths, /screencasts/quizzes/material-and-energy-balances-quiz-screencasts/hypothetical-process-paths,,
 , , , Including a Phase Change in an Energy Balance, /screencasts/quizzes/material-and-energy-balances-quiz-screencasts/including-a-phase-change-in-an-energy-balance,,
 , , , Introduction to Energy, /screencasts/quizzes/material-and-energy-balances-quiz-screencasts/introduction-to-energy,,
 , , , Introduction to Pressure, /screencasts/quizzes/material-and-energy-balances-quiz-screencasts/introduction-to-pressure,,
 , , , Langmuir Isotherm Introduction, /screencasts/quizzes/material-and-energy-balances-quiz-screencasts/langmuir-isotherm-introduction,,
 , , , Latent Heat, /screencasts/quizzes/material-and-energy-balances-quiz-screencasts/latent-heat,,
 , , , Manometers, /screencasts/quizzes/material-and-energy-balances-quiz-screencasts/manometers,,
 , , , Mass and Mole Fractions, /screencasts/quizzes/material-and-energy-balances-quiz-screencasts/mass-and-mole-fractions,,
 , , , Mass and Volumetric Flowrates Relationship, /screencasts/quizzes/material-and-energy-balances-quiz-screencasts/mass-and-volumetric-flowrates-relationship,,
 , , , Open and Closed Systems, /screencasts/quizzes/material-and-energy-balances-quiz-screencasts/open-and-closed-systems,,
 , , , Reference State Overview, /screencasts/quizzes/material-and-energy-balances-quiz-screencasts/reference-state-overview,,
 , , , Scaling a Material Balance, /screencasts/quizzes/material-and-energy-balances-quiz-screencasts/scaling-a-material-balance,,
 , , , Significant Figures, /screencasts/quizzes/material-and-energy-balances-quiz-screencasts/significant-figures,,
 , , , Single-Component Pressure-Temperature Diagram, /screencasts/quizzes/material-and-energy-balances-quiz-screencasts/single-component-pressure-temperature-diagram,,
 , , , Solubility Introduction, /screencasts/quizzes/material-and-energy-balances-quiz-screencasts/solubility-introduction,,
 , , , Standard Temperature and Pressure - Ideal Gas Law, /screencasts/quizzes/material-and-energy-balances-quiz-screencasts/standard-temperature-and-pressure---ideal-gas-law,,
 , , , Stoichiometry, /screencasts/quizzes/material-and-energy-balances-quiz-screencasts/stoichiometry,,
 , , , Systems of Units, /screencasts/quizzes/material-and-energy-balances-quiz-screencasts/systems-of-units,,
 , , , Temperature Scales, /screencasts/quizzes/material-and-energy-balances-quiz-screencasts/temperature-scales,,
 , , , The Critical Point, /screencasts/quizzes/material-and-energy-balances-quiz-screencasts/the-critical-point,,
 , , , Three Methods for Balancing Reactive Processes, /screencasts/quizzes/material-and-energy-balances-quiz-screencasts/three-methods-for-balancing-reactive-processes,,
 , , , Using Extent of Reaction for Multiple Reactions, /screencasts/quizzes/material-and-energy-balances-quiz-screencasts/using-extent-of-reaction-for-multiple-reactions,,
 , , , Virial Equation of State Introduction, /screencasts/quizzes/material-and-energy-balances-quiz-screencasts/virial-equation-of-state-introduction,,
 , , , Wet to Dry Basis, /screencasts/quizzes/material-and-energy-balances-quiz-screencasts/wet-to-dry-basis,,
 , , , What is Enthalpy?, /screencasts/quizzes/material-and-energy-balances-quiz-screencasts/what-is-enthalpy,,
 , , Separations: Quiz Screencasts, , /screencasts/quizzes/separations-quiz-screencasts,,
 , , , Balances for an Adiabatic Flash Drum, /screencasts/quizzes/separations-quiz-screencasts/balances-for-an-adiabatic-flash-drum,,
 , , , Flash Distillation Derivation, /screencasts/quizzes/separations-quiz-screencasts/flash-distillation-derivation,,
 , , , Hunter-Nash Method 1: Mixing and Operating Points, /screencasts/quizzes/separations-quiz-screencasts/hunter-nash-method-1-mixing-and-operating-points,,
 , , , Hunter-Nash Method 2: Number of Stages, /screencasts/quizzes/separations-quiz-screencasts/hunter-nash-method-2-number-of-stages,,
 , , , Plotting a Ternary Phase Diagram, /screencasts/quizzes/separations-quiz-screencasts/plotting-a-ternary-phase-diagram,,
 , , , Using a Triangular (Ternary) Phase Diagram, /screencasts/quizzes/separations-quiz-screencasts/using-a-triangular-ternary-phase-diagram,,
 , , Thermodynamics: Quiz Screencasts, , /screencasts/quizzes/thermodynamics-quiz-screencasts,,
 , , , Adiabatic Compression/Expansion: Enthalpy-Entropy Diagram, /screencasts/quizzes/thermodynamics-quiz-screencasts/adiabatic-compression-expansion-enthalpy-entropy-diagram,,
 , , , Adiabatic Reversible Process for Ideal Gas, /screencasts/quizzes/thermodynamics-quiz-screencasts/adiabatic-reversible-process-for-ideal-gas,,
 , , , Calculate Vapor-Liquid Equilibrium using an EOS, /screencasts/quizzes/thermodynamics-quiz-screencasts/calculate-vapor-liquid-equilibrium-using-an-eos,,
 , , , Calculate Work for Reversible &amp; Irreversible Expansion/Compression, /screencasts/quizzes/thermodynamics-quiz-screencasts/calculate-work-for-reversible-irreversible-expansion-compression,,
 , , , Carnot Heat Engine Calculations, /screencasts/quizzes/thermodynamics-quiz-screencasts/carnot-heat-engine-calculations,,
 , , , Chemical Potential: Pressure Dependence for Single Component Part 1, /screencasts/quizzes/thermodynamics-quiz-screencasts/chemical-potential-pressure-dependence-for-single-component-part-1,,
 , , , Chemical Potential: Temperature Dependence for Single Component Part 1, /screencasts/quizzes/thermodynamics-quiz-screencasts/chemical-potential-temperature-dependence-for-single-component-part-1,,
 , , , Cooling Curves for a Liquid-Solid System, /screencasts/quizzes/thermodynamics-quiz-screencasts/cooling-curves-for-a-liquid-solid-system,,
 , , , Departure Function: van der Waals Fluid, /screencasts/quizzes/thermodynamics-quiz-screencasts/departure-function-van-der-waals-fluid,,
 , , , Energy Balance Around a Turbine, /screencasts/quizzes/thermodynamics-quiz-screencasts/energy-balance-around-a-turbine,,
 , , , Energy Balances on a Semibatch Reactor, /screencasts/quizzes/thermodynamics-quiz-screencasts/energy-balances-on-a-semibatch-reactor,,
 , , , Equilibrium Constant Introduction, /screencasts/quizzes/thermodynamics-quiz-screencasts/equilibrium-constant-introduction,,
 , , , Flow Work, /screencasts/quizzes/thermodynamics-quiz-screencasts/flow-work,,
 , , , Fugacity Temperature Dependence: Single Component, /screencasts/quizzes/thermodynamics-quiz-screencasts/fugacity-temperature-dependence-single-component,,
 , , , Heat Engine Introduction, /screencasts/quizzes/thermodynamics-quiz-screencasts/heat-engine-introduction,,
 , , , How to Calculate Entropy Changes: Ideal Gases, /screencasts/quizzes/thermodynamics-quiz-screencasts/how-to-calculate-entropy-changes-ideal-gases,,
 , , ," How to Calculate Entropy Changes: Liquids,  Solids, and Phase Changes", /screencasts/quizzes/thermodynamics-quiz-screencasts/how-to-calculate-entropy-changes-liquids-solids-and-phase-changes,,
 , , , How to Calculate Entropy Changes: Mixing Ideal Gases, /screencasts/quizzes/thermodynamics-quiz-screencasts/how-to-calculate-entropy-changes-mixing-ideal-gases,,
 , , , How to Use a Psychrometric Chart, /screencasts/quizzes/thermodynamics-quiz-screencasts/how-to-use-a-psychrometric-chart,,
 , , , Ideal Gas Properties, /screencasts/quizzes/thermodynamics-quiz-screencasts/ideal-gas-properties,,
 , , , Inert Effect on Chemical Equilibrium, /screencasts/quizzes/thermodynamics-quiz-screencasts/inert-effect-on-chemical-equilibrium,,
 , , , Introduction to Equilibrium for Partially-Miscible Liquids, /screencasts/quizzes/thermodynamics-quiz-screencasts/introduction-to-equilibrium-for-partially-miscible-liquids,,
 , , , Introduction to First Law: Closed System, /screencasts/quizzes/thermodynamics-quiz-screencasts/introduction-to-first-law-closed-system,,
 , , , Introduction to First Law: Open Systems, /screencasts/quizzes/thermodynamics-quiz-screencasts/introduction-to-first-law-open-systems,,
 , , , Introduction to Heterogeneous Chemical Equilibrium, /screencasts/quizzes/thermodynamics-quiz-screencasts/introduction-to-heterogeneous-chemical-equilibrium,,
 , , , Introduction to Non-Ideal Solutions, /screencasts/quizzes/thermodynamics-quiz-screencasts/introduction-to-non-ideal-solutions,,
 , , , Introduction to Single-Component Fugacity, /screencasts/quizzes/thermodynamics-quiz-screencasts/introduction-to-single-component-fugacity,,
 , , , Joule-Thomson Expansion, /screencasts/quizzes/thermodynamics-quiz-screencasts/joule-thomson-expansion,,
 , , , Lever Rule Derivation, /screencasts/quizzes/thermodynamics-quiz-screencasts/lever-rule-derivation,,
 , , , Material Balances Review, /screencasts/quizzes/thermodynamics-quiz-screencasts/material-balances-review,,
 , , , Partial Molar Properties: Binary Solutions, /screencasts/quizzes/thermodynamics-quiz-screencasts/partial-molar-properties-binary-solutions,,
 , , , Partial Molar Quantities, /screencasts/quizzes/thermodynamics-quiz-screencasts/partial-molar-quantities,,
 , , , Phase Diagram for Partially-Miscible Liquids, /screencasts/quizzes/thermodynamics-quiz-screencasts/phase-diagram-for-partially-miscible-liquids,,
 , , , Power Cycle Introduction, /screencasts/quizzes/thermodynamics-quiz-screencasts/power-cycle-introduction,,
 , , , Pressure-Enthalpy Diagram, /screencasts/quizzes/thermodynamics-quiz-screencasts/pressure-enthalpy-diagram,,
 , , , Pressure-Enthalpy Diagram for Rankine Cycle, /screencasts/quizzes/thermodynamics-quiz-screencasts/pressure-enthalpy-diagram-for-rankine-cycle,,
 , , , Pressure-Temperature Diagrams for Single Component Systems, /screencasts/quizzes/thermodynamics-quiz-screencasts/pressure-temperature-diagrams-for-single-component-systems,,
 , , , Quality of Steam, /screencasts/quizzes/thermodynamics-quiz-screencasts/quality-of-steam,,
 , , , Raoult's Law Explanation, /screencasts/quizzes/thermodynamics-quiz-screencasts/raoult-s-law-explanation,,
 , , , Reading a Psychrometric Chart, /screencasts/quizzes/thermodynamics-quiz-screencasts/reading-a-psychrometric-chart,,
 , , , Refrigeration Cycle Introduction, /screencasts/quizzes/thermodynamics-quiz-screencasts/refrigeration-cycle-introduction,,
 , , , Relative and Absolute Humidity, /screencasts/quizzes/thermodynamics-quiz-screencasts/relative-and-absolute-humidity,,
 , , , Saturation Pressure from EOS Spreadsheet, /screencasts/quizzes/thermodynamics-quiz-screencasts/saturation-pressure-from-eos-spreadsheet,,
 , , , Second Law of Thermodynamics, /screencasts/quizzes/thermodynamics-quiz-screencasts/second-law-of-thermodynamics,,
 , , , Single-Component Phase Diagrams, /screencasts/quizzes/thermodynamics-quiz-screencasts/single-component-phase-diagrams,,
 , , , Solid-Liquid Phase Diagrams, /screencasts/quizzes/thermodynamics-quiz-screencasts/solid-liquid-phase-diagrams,,
 , , , Solving a Steam Turbine Problem, /screencasts/quizzes/thermodynamics-quiz-screencasts/solving-a-steam-turbine-problem,,
 , , , State Function Explanation, /screencasts/quizzes/thermodynamics-quiz-screencasts/state-function-explanation,,
 , , , Temperature Dependence of Equilibrium Constant, /screencasts/quizzes/thermodynamics-quiz-screencasts/temperature-dependence-of-equilibrium-constant,,
 , , , The Critical Point, /screencasts/quizzes/thermodynamics-quiz-screencasts/the-critical-point,,
 , , , The Equilibrium Constant, /screencasts/quizzes/thermodynamics-quiz-screencasts/the-equilibrium-constant,,
 , , , Three Parameter Equation of State (EOS) Introduction, /screencasts/quizzes/thermodynamics-quiz-screencasts/three-parameter-equation-of-state-eos-introduction,,
 , , , T-S and P-H Diagrams, /screencasts/quizzes/thermodynamics-quiz-screencasts/t-s-and-p-h-diagrams,,
 , , , Vapor-Liquid Equilibrium for Immiscible Liquids, /screencasts/quizzes/thermodynamics-quiz-screencasts/vapor-liquid-equilibrium-for-immiscible-liquids,,
 , , , What is an Activity Coefficient?, /screencasts/quizzes/thermodynamics-quiz-screencasts/what-is-an-activity-coefficient,,
 , , , What is Chemical Potential? Multi-Component, /screencasts/quizzes/thermodynamics-quiz-screencasts/what-is-chemical-potential-multi-component,,
 , , , What is Fugacity?, /screencasts/quizzes/thermodynamics-quiz-screencasts/what-is-fugacity,,
 , , , What is Fugacity in a Mixture?, /screencasts/quizzes/thermodynamics-quiz-screencasts/what-is-fugacity-in-a-mixture,,
 , Separations/Mass Transfer, , , /screencasts/separations-mass-transfer,,
 , , Textbook: Separation Process Principles (3rd Edition), , /screencasts/separations-mass-transfer/textbook-seader-3rd,,
 , , Textbook: Separation Process Engineering (3rd Edition), , /screencasts/separations-mass-transfer/textbook-wankat-3rd,,
 , ," Textbook: Fundamentals of Momentum,  Heat and Mass Transfer (5th Edition)",, /screencasts/separations-mass-transfer/textbook-welty-5th,,
 , Statistics, , , /screencasts/statistics,,
 , Thermodynamics, , , /screencasts/thermodynamics,,
 , , Thermodynamics Exam Review, , /screencasts/thermodynamics/exam-review,,
 , , Textbook: Introductory Chemical Engineering Thermodynamics (1st Edition), , /screencasts/thermodynamics/textbook-elliottlira-1st,,
 , , Textbook: Introductory Chemical Engineering Thermodynamics (2nd Edition), , /screencasts/thermodynamics/textbook-elliottlira-2nd,,
 , , Textbook: Introduction to Chemical Engineering Thermodynamics (7th Edition), , /screencasts/thermodynamics/textbook-SVNA-7th,,
 , , Textbook trial, , /screencasts/thermodynamics/textbook-tir,,
 , Tips for Making Effective Screencasts, , , /screencasts/screencast-making-tips,,
 , What Are Screencasts?, , , /screencasts/what-are-screencasts,,
Simulations, , , , /simulations,,
 , Carnot Cycles with Irreversible Heat Transfer, , , /simulations/carnot-cycles-with-irreversible-heat-transfer,,
 , CDF files, , , /simulations/cdf-files,,
 , Construct an x-y Diagram for an Absorption Column, , , /simulations/construct-an-x-y-diagram-for-an-absorption-column,,
 , Fluid Mechanics, , , /simulations/fluid-mechanics,,
 , , A 2D Flow Field, , /simulations/fluid-mechanics/a-2d-flow-field,,
 , , Boundary Layer Flow Between Parallel Plates, , /simulations/fluid-mechanics/boundary-layer-flow-between-parallel-plates,,
 , , Boundary Layer in Flow between Parallel Plates, , /simulations/fluid-mechanics/boundary-layer-in-flow-between-parallel-plates,,
 , , Buoyancy of a Floating Cylinder, , /simulations/fluid-mechanics/bouyancy-of-a-floating-cylinder,,
 , , Couette Flow, , /simulations/fluid-mechanics/couette-flow,,
 , , Double-Sided Couette Flow, , /simulations/fluid-mechanics/double-sided-couette-flow,,
 , , Equivalent Length of a Pipe with Fittings and Valves, , /simulations/fluid-mechanics/equivalent-length-of-a-pipe-with-fittings-and-valves,,
 , , Flow around a Sphere at Finite Reynolds Number by Galerkin Method, , /simulations/fluid-mechanics/flow-around-a-sphere-at-finite-reynolds-number-by-galerkin-method,,
 , , Flow from a Tank at Constant Height, , /simulations/fluid-mechanics/flow-from-a-tank-at-constant-height,,
 , , Fluid Velocity in Rigid Body Rotation and Irrotational Flow, , /simulations/fluid-mechanics/fluid-velocity-in-rigid-body-rotation-and-irrotational-flow,,
 , , Flying a Box Kite, , /simulations/fluid-mechanics/flying-a-box-kite,,
 , , Force on a Thrust Reverser, , /simulations/fluid-mechanics/force-on-a-thrust-reverser,,
 , , Forces Completely Submerged Gate, , /simulations/fluid-mechanics/forces-completely-submerged-gate,,
 , , Forces on a Partially Submerged Gate, , /simulations/fluid-mechanics/forces-on-a-partially-submerged-gate,,
 , , Frictional Pressure Drop in a Pipe, , /simulations/fluid-mechanics/frictional-pressure-drop-in-a-pipe,,
 , , Laminar Flow, , /simulations/fluid-mechanics/laminar-flow,,
 , , Linear Momentum Balance in Aerodynamic Thrust, , /simulations/fluid-mechanics/linear-momentum-balance-in-aerodynamic-thrust,,
 , , Manometers, , /simulations/fluid-mechanics/manometers,,
 , , Measuring Flow Rates with a Pitot Tube, , /simulations/fluid-mechanics/measuring-flow-rates-with-a-pitot-tube,,
 , , Pressure of a Rotating Fluid, , /simulations/fluid-mechanics/pressure-of-a-rotating-fluid,,
 , , Pressure Profile for Column of Multiple Fluids, , /simulations/fluid-mechanics/pressure-profile-for-column-of-multiple-fluids,,
 , , Pressure Within an Accelerating Container, , /simulations/fluid-mechanics/pressure-with-an-accelerating-container,,
 , , Trial, , /simulations/fluid-mechanics/trial,,
 , , Vectors, , /simulations/fluid-mechanics/vectors,,
 , , Velocity Profile for Immiscible Viscous Fluids, , /simulations/fluid-mechanics/velocity-profile-for-immiscible-viscous-fluids,,
 , , Velocity Profile for Immiscible Viscous Fluids, , /simulations/fluid-mechanics/velocity-profile-for-immiscible-viscous-fluids-1,,
 , Fugacity Dependence on Pressure in an Ideal Binary Mixture, , , /simulations/fugacity-dependence-on-pressure-in-an-ideal-binary-mixture,,
 , Heat Transfer, , , /simulations/heat-transfer,,
 , , Boundary Layer, , /simulations/heat-transfer/boundary-layer,,
 , , Combined Free and Forced Convection, , /simulations/heat-transfer/combined-free-and-forced-convection,,
 , , Compare Fins, , /simulations/heat-transfer/compare-fins,,
 , , Conduction Through a Composite Wall, , /simulations/heat-transfer/conduction-through-a-composite-wall,,
 , , Cooking a Turkey, , /simulations/heat-transfer/cooking-a-turkey,,
 , , draft, , /simulations/heat-transfer/draft,,
 , , Effect of Wind Chill on Skin Temperature, , /simulations/heat-transfer/effect-of-wind-chill-on-skin-temperature,,
 , , Energy Transfer Between Two Blackbodies, , /simulations/heat-transfer/energy-transfer-between-two-blackbodies,,
 , , Heat Exchanger, , /simulations/heat-transfer/heat-exchanger,,
 , , Heat Generation and Conduction through Composite Walls, , /simulations/heat-transfer/heat-generation-and-conduction-through-composite-walls,,
 , , Heat Transfer and Temperature Distribution in a Fin, , /simulations/heat-transfer/heat-transfer-and-temperature-distribution-in-a-fin,,
 , , Heat Transfer between Flowing Liquids in Cylindrical Tubes, , /simulations/heat-transfer/heat-transfer-between-flowing-liquids-in-cylindrical-tubes,,
 , , Heat Transfer in a Bank of Tubes, , /simulations/heat-transfer/heat-transfer-in-a-bank-of-tubes,,
 , , Heat Transfer in Fins, , /simulations/heat-transfer/heat-transfer-in-fins,,
 , , Heat Transfer Through a Cylinder, , /simulations/heat-transfer/heat-transfer-through-a-cylinder,,
 , , Identify Temperature Profiles for Heat Generation or Conduction through Composite Walls, , /simulations/heat-transfer/identify-temperature-profiles-for-heat-generation-or-conduction-through-composite-walls,,
 , , Injecting Water into Liquid Nitrogen Tanks, , /simulations/heat-transfer/injecting-water-into-liquid-nitrogen-tanks,,
 , , Lumped Capacitance Model vs Full Model, , /simulations/heat-transfer/lumped-capacitance-model-vs-full-model,,
 , , Melting Ice Simulation, , /simulations/heat-transfer/melting-ice-simulation,,
 , , Parallel and Counterflow Heat Exchangers, , /simulations/heat-transfer/parallel-and-counterflow-heat-exchangers,,
 , , Plane Wall, , /simulations/heat-transfer/plane-wall,,
 , , Radiation Shielding of a Spherical Body, , /simulations/heat-transfer/radiation-shielding-of-a-spherical-body,,
 , , Transient Conduction Through a Plane Wall, , /simulations/heat-transfer/transient-conduction-through-a-plane-wall,,
 , Kinetics/Reactor Design, , , /simulations/kinetics-reactor-design,,
 , , Adiabatic PFR with Recycle, , /simulations/kinetics-reactor-design/adiabatic-pfr-with-recycle,,
 , , Autothermal Reactor, , /simulations/kinetics-reactor-design/autothermal-reactor,,
 , , Batch Reactors at Constant Volume or Constant Pressure, , /simulations/kinetics-reactor-design/batch-reactors-at-constant-volume-or-constant-pressure,,
 , , Batch Reactor with Multiple Reactions, , /simulations/kinetics-reactor-design/batch-reactor-with-multiple-reactions,,
 , , Concurrent and Countercurrent Cooling in Tubular Reactors with Exothermic Chemical Reactions, , /simulations/kinetics-reactor-design/concurrent-and-countercurrent-cooling-in-tubular-reactors-with-exothermic-chemical-reactions,,
 , , Construct a Conversion-Temperature Diagram for a Reversible Adiabatic Reaction, , /simulations/kinetics-reactor-design/construct-a-conversion-temperature-diagram-for-a-reversible-adiabatic-reaction,,
 , , CSTR That Loses Cooling, , /simulations/kinetics-reactor-design/cstr-that-loses-cooling,,
 , , Density Cannot Be Ignored in a PFR, , /simulations/kinetics-reactor-design/density-cannot-be-ignored-in-a-pfr,,
 , , Diffusion and Reaction in a Catalyst Pellet, , /simulations/kinetics-reactor-design/diffusion-and-reaction-in-a-catalyst-pellet,,
 , , Effect of Tube Diameter PFR, , /simulations/kinetics-reactor-design/effect-of-tube-diameter-pfr,,
 , , Enzyme Inhibition Kinetics, , /simulations/kinetics-reactor-design/enzyme-inhibition-kinetics,,
 , , Equally Sized Mixed Flow Reactors in Series versus Plug Flow Reactor, , /simulations/kinetics-reactor-design/equally-sized-mixed-flow-reactors-in-series-versus-plug-flow-reactor,,
 , , Estimating Kinetic Parameters from a Batch Reactor Experiment, , /simulations/kinetics-reactor-design/estimating-kinetic-parameters-from-a-batch-reactor-experiment,,
 , , Ethane Pyrolysis in a Tubular Reactor, , /simulations/kinetics-reactor-design/ethane-pyrolysis-in-a-tubular-reactor,,
 , , Fed-Batch Fermentation, , /simulations/kinetics-reactor-design/fed-batch-fermentation,,
 , , Inhibition of Enzyme Reactions in CSTR and Batch Reactors, , /simulations/kinetics-reactor-design/inhibition-of-enzyme-reactions-in-cstr-and-batch-reactors,,
 , , Isothermal Plug Flow Reactor, , /simulations/kinetics-reactor-design/isothermal-plug-flow-reactor,,
 , , Isothermal Plug Flow Reactor with Recycle, , /simulations/kinetics-reactor-design/isothermal-plug-flow-reactor-with-recycle,,
 , , Langmuir-Hinshelwood Reaction in a PFR, , /simulations/kinetics-reactor-design/langmuir-hinshelwood-reaction-in-a-pfr,,
 , , Langmuir Isotherms for a Binary Mixture, , /simulations/kinetics-reactor-design/langmuir-isotherms-for-a-binary-mixture,,
 , , Langmuir Isotherms for a Binary Mixture 2, , /simulations/kinetics-reactor-design/langmuir-isotherms-for-a-binary-mixture-2,,
 , , Membrane Reactor for an Equilibrium-Limited Reaction, , /simulations/kinetics-reactor-design/membrane-reactor-for-an-equilibrium-limited-reaction,,
 , , Minimized Volume for Reactors in Series, , /simulations/kinetics-reactor-design/minimized-volume-for-reactors-in-series,,
 , , Multiple States in an Isothermal CSTR, , /simulations/kinetics-reactor-design/multiple-states-in-an-isothermal-cstr,,
 , , Multiple Steady States in a CSTR, , /simulations/kinetics-reactor-design/multiple-steady-states-in-a-cstr,,
 , , Multiple Steady States in CSTR with Heat Exchange, , /simulations/kinetics-reactor-design/multiple-steady-states-in-cstr-with-heat-exchange,,
 , , Operating a Chemostat, , /simulations/kinetics-reactor-design/operating-a-chemostat,,
 , , Parametric Sensitivity of PFR with Heat Exchange, , /simulations/kinetics-reactor-design/parametric-sensitivity-of-pfr-with-heat-exchange,,
 , , Performance of a Plug Flow Reactor with Recycle, , /simulations/kinetics-reactor-design/performance-of-a-plug-flow-reactor-with-recycle,,
 , , PFR with Heat Transfer Jacket, , /simulations/kinetics-reactor-design/pfr-with-heat-transfer-jacket,,
 , , Pharmacokinetic Modeling, , /simulations/kinetics-reactor-design/pharmacokinetic-modeling,,
 , , Polymerization in a Batch Reactor, , /simulations/kinetics-reactor-design/polymerization-in-a-batch-reactor,,
 , , Pressure Drop in a PBR, , /simulations/kinetics-reactor-design/pressure-drop-in-a-pbr,,
 , , Reaction in an Adiabatic CSTR, , /simulations/kinetics-reactor-design/reaction-in-an-adiabatic-cstr,,
 , , Reaction in an Isothermal CSTR, , /simulations/kinetics-reactor-design/reaction-in-an-isothermal-cstr,,
 , , Reactor Design Economics, , /simulations/kinetics-reactor-design/reactor-design-economics,,
 , , Reactor Rate and Conversion versus Space Velocity, , /simulations/kinetics-reactor-design/reactor-rate-and-conversion-versus-space-velocity,,
 , , Reactor with Recycle Stream, , /simulations/kinetics-reactor-design/reactor-with-recycle-stream,,
 , , Reversible Reaction in an Adiabatic PFR, , /simulations/kinetics-reactor-design/reversible-reaction-in-an-adiabatic-pfr,,
 , , Scale-Up of a Batch Reactor, , /simulations/kinetics-reactor-design/scale-up-of-a-batch-reactor,,
 , , Selectivity in a Semibatch Reactor, , /simulations/kinetics-reactor-design/selectivity-in-a-semibatch-reactor,,
 , , Sensitivity of PFR to Model Parameters, , /simulations/kinetics-reactor-design/sensitivity-of-pfr-to-model-parameters,,
 , , Series Reactions in a Batch Reactor, , /simulations/kinetics-reactor-design/series-reactions-in-a-batch-reactor,,
 , , Series Reactions in a Batch Reactor, , /simulations/kinetics-reactor-design/series-reactions-in-a-batch-reactor-1,,
 , , Temperature-Programmed Desorption, , /simulations/kinetics-reactor-design/temperature-programmed-desorption,,
 , , Variation of Temperature and Concentration versus Residence Time in Adiabatic Reactors, , /simulations/kinetics-reactor-design/variation-of-temperature-and-concentration-versus-residence-time-in-adiabatic-reactors,,
 , , Volumetric Flow Rates in a PFR, , /simulations/kinetics-reactor-design/volumetric-flow-rates-in-a-pfr,,
 , Mass/Energy Balances, , , /simulations/mass-energy-balances,,
 , , Adiabatic Humidification, , /simulations/mass-energy-balances/adiabatic-humidification,,
 , , Basic Ternary Phase Diagram, , /simulations/mass-energy-balances/basic-ternary-phase-diagram,,
 , , Combustion Reactions in a Furnace, , /simulations/mass-energy-balances/combustion-reactions-in-a-furnace,,
 , , Compressibility Factor Charts, , /simulations/mass-energy-balances/compressibility-factor-charts,,
 , , Construct P-x-y Diagram for Immiscible Liquids, , /simulations/mass-energy-balances/construct-p-x-y-diagram-for-immiscible-liquids,,
 , , Construct P-x-y Diagram for VLE, , /simulations/mass-energy-balances/construct-p-x-y-diagram-for-vle,,
 , , Construct T-x-y Diagram for Immiscible Liquids, , /simulations/mass-energy-balances/construct-t-x-y-diagram-for-immiscible-liquids,,
 , , Construct T-x-y Diagram for VLE, , /simulations/mass-energy-balances/construct-t-x-y-diagram-for-vle,,
 , , DOF Analysis on a Distillation Process, , /simulations/mass-energy-balances/dof-analysis-on-a-distillation-process,,
 , , Evaporative Crystallization with Recycle, , /simulations/mass-energy-balances/evaporative-crystallization-with-recycle,,
 , ," Flash Distillation of a Benzene,  Toluene,  p-Xylene Mixture",, /simulations/mass-energy-balances/flash-distillation-of-a-benzene-toluene-p-xylene-mixture, ,
 , , Gas Properties - PhET, , /simulations/mass-energy-balances/gas-properties---phet,,
 , , Heat Balance in Freezing and Thawing Food, , /simulations/mass-energy-balances/heat-balance-for-freezing-and-thawing-foods,,
 , , Mass Balance in the Haber Process, , /simulations/mass-energy-balances/mass-balance-in-the-haber-process,,
 , , Mass Balances for Binary VLE, , /simulations/mass-energy-balances/mass-balances-for-binary-vle,,
 , , Mass Balances in Evaporative Crystallization, , /simulations/mass-energy-balances/mass-balances-in-evaporative-crystallization,,
 , , Material and Energy Balances in a Reactor with Heat Exchange, , /simulations/mass-energy-balances/material-and-energy-balances-in-a-reactor-with-heat-exchange,,
 , , Operation of an Air Conditioner, , /simulations/mass-energy-balances/operation-of-an-air-conditioner,,
 , , Reactor with Recycle, , /simulations/mass-energy-balances/reactor-with-recycle,,
 , , Reading a Psychrometric Chart, , /simulations/mass-energy-balances/reading-a-psychrometric-chart,,
 , , Solving Mass Balances on a Distillation Column, , /simulations/mass-energy-balances/solving-mass-balances-on-a-distillation-column,,
 , , Ternary Phase Diagram with Alternate Phase Envelope, , /simulations/mass-energy-balances/ternary-phase-diagram-with-alternate-phase-envelope,,
 , , Ternary Phase Diagram with Phase Envelope, , /simulations/mass-energy-balances/ternary-phase-diagram-with-phase-envelope,,
 , , Visualization of Vapor-Liquid Equilibrium, , /simulations/mass-energy-balances/visualvle,,
 , Materials Science, , , /simulations/materials-science,,
 , , Diffusion in Solids, , /simulations/materials-science/diffusion-in-solids,,
 , , Electrical Conductivity of a Semiconductor, , /simulations/materials-science/electrical-conductivity-of-a-semiconductor,,
 , , Mohr's Circle and Stress Transformations, , /simulations/materials-science/mohr-s-circle-and-stress-transformations,,
 , , Right Equilateral Triangle Phase Diagrams, , /simulations/materials-science/right-equilateral-triangle-phase-diagrams,,
 , , Simple Crystal Structures and Miller Indices, , /simulations/materials-science/simple-crystal-structures-and-miller-indices,,
 , , SSLE Equilibrium, , /simulations/materials-science/ssle-equilibrium,,
 , , The 14 3D Bravais Lattices, , /simulations/materials-science/the-14-3d-bravais-lattices,,
 , , The Photoelectric Effect, , /simulations/materials-science/the-photoelectric-effect,,
 , , Water Contact Angle for Heterogeneous Surface, , /simulations/materials-science/water-contact-angle-for-heterogeneous-surface,,
 , Physical Chemistry, , , /simulations/physical-chemistry,,
 , , Atomic Interactions - PhET, , /simulations/physical-chemistry/atomic-interactions---phet,,
 , , harmonic-oscillator, , /simulations/physical-chemistry/harmonic-oscillator,,
 , , Infrared-Active Vibrational Modes in Water, , /simulations/physical-chemistry/infrared-active-vibrational-modes-in-water,,
 , , maxwell-relations, , /simulations/physical-chemistry/maxwell-relations,,
 , , Particle in a Box Simulation, , /simulations/physical-chemistry/particle-in-a-box-1,,
 , Process Control, , , /simulations/process-control,,
 , , First- and Second-Order Transfer Functions, , /simulations/process-control/first-and-second-order-transfer-functions,,
 , , First-Order Transfer Functions, , /simulations/process-control/first-order-transfer-functions,,
 , , MATLAB files, , /simulations/process-control/matlab-files,,
 , Separations, , , /simulations/separations,,
 , , Add a Component to a Mixture with an Azeotrope, , /simulations/separations/add-a-component-to-a-mixture-with-an-azeotrope,,
 , , Adiabatic Flash Drum with Binary Liquid Feed, , /simulations/separations/adiabatic-flash-drum-with-binary-liquid-feed,,
 , , Apply the Hunter-Nash Method to Liquid-Liquid Extraction, , /simulations/separations/apply-the-hunter-nash-method-to-liquid-liquid-extraction,,
 , , Batch Distillation, , /simulations/separations/batch-distillation,,
 , , Construct a McCabe-Thiele Diagram for Distillation, , /simulations/separations/construct-a-mccabe-thiele-diagram-for-distillation,,
 , , Construct an X-Y Diagram for a Stripping Column, , /simulations/separations/construct-an-x-y-diagram-for-a-stripping-column,,
 , , Construct an x-y Diagram for Flash Distillation, , /simulations/separations/construct-an-x-y-diagram-for-flash-distillation,,
 , , Construct Single-Stage Liquid-Liquid Extraction, , /simulations/separations/construct-single-stage-liquid-liquid-extraction,,
 , , Cryogenic Recovery of Acetone from Air, , /simulations/separations/cryogenic-recovery-of-acetone-from-air,,
 , , DePriester Chart for Hydrocarbons, , /simulations/separations/depriester-chart-for-hydrocarbons,,
 , , Diffusion-Controlled Drug Delivery, , /simulations/separations/diffusion-controlled-drug-delivery,,
 , , Enriching Oxygen in Air by Cross-Flow Membrane Permeation, , /simulations/separations/enriching-oxygen-in-air-by-cross-flow-membrane-permeation,,
 , , Feed Stages in a Distillation Column, , /simulations/separations/feed-stages-in-a-distillation-column,,
 , , How To McCabe-Thiele Fractional Distillation, , /simulations/separations/how-to-mccabe-thiele-fractional-distillation,,
 , , Hunter-Nash Method LLE, , /simulations/separations/hunter-nash-method-lle,,
 , , Liquid-Liquid Extraction on a Right-Triangle Ternary Phase Diagram, , /simulations/separations/liquid-liquid-extraction-on-a-right-triangle-ternary-phase-diagram,,
 , , McCabe-Thiele Method for Methanol/Water Separation, , /simulations/separations/mccabe-thiele-method-for-methanol-water-separation,,
 , , Membrane Concentration Profile, , /simulations/separations/membrane-concentration-profile,,
 , , Multiple-Effect Evaporation of Sugar Solution, , /simulations/separations/multiple-effect-evaporation-of-sugar-solution,,
 , , Multistage Batch Distillation, , /simulations/separations/multistage-batch-distillation,,
 , , Multistage Batch Distillation with Azeotrope, , /simulations/separations/multistage-batch-distillation-with-azeotrope,,
 , , Operation of an Absorption Column, , /simulations/separations/operation-of-an-absorption-column,,
 , , Reverse Osmosis, , /simulations/separations/reverse-osmosis,,
 , , Separation of Carbon Dioxide and Methane Using Well-Mixed Gas Permeation, , /simulations/separations/separation-of-carbon-dioxide-and-methane-using-well-mixed-gas-permeation,,
 , , Simple Batch Distillation of an Ethanol-Water Mixture, , /simulations/separations/simple-batch-distillation-of-an-ethanol-water-mixture,,
 , , Steady-State Binary Fickian Diffusion, , /simulations/separations/steady-state-binary-fickian-diffusion,,
 , , Stripping Column Operation, , /simulations/separations/stripping-column-operation,,
 , , Txy and xy Diagrams for Binary VLE Flash Drum, , /simulations/separations/txy-and-xy-diagrams-for-binary-vle-flash-drum,,
 , , Unsteady-State Interphase Diffusion, , /simulations/separations/unsteady-state-interphase-diffusion,,
 , simulation test page, , , /simulations/simulation-test-page,,
 , Statistics, , , /simulations/statistics,,
 , , Aliasing (Sound), , /simulations/statistics/aliasing-sound,,
 , , ANOVA Visualization, , /simulations/statistics/anova-visualization,,
 , , Binomial Distribution Via Coin Flips, , /simulations/statistics/binomial-distribution-via-coin-flip,,
 , , Central Limit Theorem, , /simulations/statistics/central-limit-theorem,,
 , , Comparing Standard Error of the Means, , /simulations/statistics/comparing-standard-error-of-the-means,,
 , , Finding Probabilities for Intervals of a Normal Distribution, , /simulations/statistics/finding-probabilities-for-intervals-of-a-normal-distribution,,
 , , How Do Confidence Intervals Work?, , /simulations/statistics/how-do-confidence-intervals-work,,
 , , Least Squares Criteria for the Least Squares Regression Line, , /simulations/statistics/least-squares-criteria-for-the-least-squares-regression-line,,
 , ," Mean,  Median,  Mode",, /simulations/statistics/mean-median-mode, ,
 , , Nonlinear Transformations, , /simulations/statistics/nonlinear-transformations,,
 , , One-sample t-Test and Confidence Interval with Dot Chart in Small Samples, , /simulations/statistics/one-sample-t-test-and-confidence-interval-with-dot-chart-in-small-samples,,
 , , Poisson Distribution, , /simulations/statistics/poisson-distribution,,
 , , Simple Linear Regression, , /simulations/statistics/simple-linear-regression,,
 , , Simulated Coin Tossing Experiments and the Law of Large Numbers, , /simulations/statistics/simulated-coin-tossing-experiments-and-the-law-of-large-numbers,,
 , , Square Wave, , /simulations/statistics/square-wave,,
 , , Standard Normal Distribution Areas, , /simulations/statistics/standard-normal-distribution-areas,,
 , , Statistics Associated with Normal Samples, , /simulations/statistics/statistics-associated-with-normal-samples,,
 , , The Central Limit Theorem, , /simulations/statistics/the-central-limit-theorem,,
 , , Visualizing R-Squared in Statistics, , /simulations/statistics/visualizing-r-squared-in-statistics,,
 , Thermodynamics, , , /simulations/thermodynamics,,
 , , Elliott and Lira, , /simulations/thermodynamics/elliott-and-lira,,
 , , Thermodynamics I, , /simulations/thermodynamics/thermo-1,,
 , , , Adiabatic Compression of Pure Gases, /simulations/thermodynamics/thermo-1/adiabatic-compression-of-pure-gases,,
 , , , Adiabatic Compression of Water in VLE, /simulations/thermodynamics/thermo-1/adiabatic-compression-of-water-in-vle,,
 , , , Adiabatic Evaporation of Water into Vacuum, /simulations/thermodynamics/thermo-1/adiabatic-evaporation-of-water-into-vacuum,,
 , , , Adiabatic Flame Temperature, /simulations/thermodynamics/thermo-1/adiabatic-flame-temperature,,
 , , , Adiabatic Gas Expansion between Two Tanks, /simulations/thermodynamics/thermo-1/adiabatic-gas-expansion-between-two-tanks,,
 , , , Arranging Balls into Boxes, /simulations/thermodynamics/thermo-1/arranging-balls-into-boxes,,
 , , , Carnot Cycle with Irreversible Heat Transfer, /simulations/thermodynamics/thermo-1/carnot-cycle-with-irreversible-heat-transfer,,
 , , , Chemical Potential Dependence on T and P, /simulations/thermodynamics/thermo-1/chemical-potential-dependence-on-t-and-p,,
 , , , Circumnavigating the Critical Point, /simulations/thermodynamics/thermo-1/circumnavigating-the-critical-point,,
 , , , Compare Clausius-Clapeyron and Antoine Equations, /simulations/thermodynamics/thermo-1/compare-clausius-clapeyron-and-antoine-equations,,
 , , , Compare Compressors Turbines Different Efficiencies, /simulations/thermodynamics/thermo-1/compare-compressors-turbines-different-efficiencies,,
 , , , Compressed-Gas Spray, /simulations/thermodynamics/thermo-1/compressed-gas-spray,,
 , , , Compressible Flow through a Nozzle/Diffuser, /simulations/thermodynamics/thermo-1/compressible-flow-through-a-nozzle-diffuser,,
 , , , Energy Balance on Pressurizing a Tank, /simulations/thermodynamics/thermo-1/energy-balance-on-pressurizing-a-tank,,
 , , , Enthalpy-Entropy Diagram For Water, /simulations/thermodynamics/thermo-1/enthalpy-entropy-diagram-for-water,,
 , , , Entropy Changes in Mixing Ideal Gases, /simulations/thermodynamics/thermo-1/entropy-changes-in-mixing-ideal-gases,,
 , , , Evaporative Cooling of Water, /simulations/thermodynamics/thermo-1/evaporative-cooling-of-water,,
 , , , Fluids in the Critical Region, /simulations/thermodynamics/thermo-1/fluids-in-the-critical-region,,
 , , , Fluids in the Critical Region, /simulations/thermodynamics/thermo-1/fluids-in-the-critical-region-1,,
 , , , Fugacity from EOS for Water, /simulations/thermodynamics/thermo-1/fugacity-from-eos-for-water,,
 , , , H and S Departure Functions for Gases, /simulations/thermodynamics/thermo-1/h-and-s-departure-functions-for-gases,,
 , , , Heating Water in a Closed Vessel, /simulations/thermodynamics/thermo-1/heating-water-in-a-closed-vessel,,
 , , , High-Pressure Chemical Equilibrium, /simulations/thermodynamics/thermo-1/high-pressure-chemical-equilibrium,,
 , , , Identify Reversible and Irreversible Expansion and Compression, /simulations/thermodynamics/thermo-1/identify-reversible-and-irreversible-expansion-and-compression,,
 , , , Injecting a Liquid into an Evacuated Tank, /simulations/thermodynamics/thermo-1/injecting-a-liquid-into-an-evacuated-tank,,
 , , , Irreversible and Reversible Temperature Equilibration, /simulations/thermodynamics/thermo-1/irreversible-and-reversible-temperature-equilibration,,
 , , , Joule-Thomson Expansion, /simulations/thermodynamics/thermo-1/joule-thomson-expansion,,
 , , , Material and Energy Balances in a Reactor with Heat Exchange, /simulations/thermodynamics/thermo-1/material-and-energy-balances-in-a-reactor-with-heat-exchange,,
 , , , Ordinary Vapor Compression Cycle Refrigerant R-134a, /simulations/thermodynamics/thermo-1/ordinary-vapor-compression-cycle-refrigerant-r-134a,,
 , , , Otto Cycle, /simulations/thermodynamics/thermo-1/otto-cycle,,
 , , , Phase Behavior on a PV Diagram, /simulations/thermodynamics/thermo-1/phase-behavior-on-a-pv-diagram,,
 , , , PH Diagram for Water, /simulations/thermodynamics/thermo-1/ph-diagram-for-water,,
 , , , Pressure-Temperature Phase Diagram for Water, /simulations/thermodynamics/thermo-1/pressure-temperature-phase-diagram-for-water,,
 , , , PV Diagram for Heating Vapor-Liquid Mixture at Constant Volume, /simulations/thermodynamics/thermo-1/pv-diagram-for-heating-vapor-liquid-mixture-at-constant-volume,,
 , , , Rankine Cycle, /simulations/thermodynamics/thermo-1/rankine-cycle,,
 , , , Ranque-Hilsch Vortex Tube, /simulations/thermodynamics/thermo-1/ranque-hilsch-vortex-tube,,
 , , , Refrigeration Cycle Coefficient of Performance, /simulations/thermodynamics/thermo-1/refrigeration-cycle-coefficient-of-performance,,
 , , , Reversible Irreversible Expansion Compression Work, /simulations/thermodynamics/thermo-1/reversible-irreversible-expansion-compression-work,,
 , , , Simulation of a Simple Gas Pressure Model, /simulations/thermodynamics/thermo-1/simulation-of-a-simple-gas-pressure-model,,
 , , , Single Component PV and TV Diagrams, /simulations/thermodynamics/thermo-1/single-component-pv-and-tv-diagrams,,
 , , , Temperature Changes in an Ideal Gas, /simulations/thermodynamics/thermo-1/temperature-changes-in-an-ideal-gas,,
 , , , Throttling High-Pressure Water, /simulations/thermodynamics/thermo-1/throttling-high-pressure-water,,
 , , , TS Diagram for Water, /simulations/thermodynamics/thermo-1/ts-diagram-for-water,,
 , , Thermodynamics II, , /simulations/thermodynamics/thermo-2,,
 , , , Adding a Second Component to a Fixed-V Container, /simulations/thermodynamics/thermo-2/adding-a-second-component-to-a-fixed-v-container,,
 , , , Adding a Second Component to a Single-Component VLE Mixture, /simulations/thermodynamics/thermo-2/adding-a-second-component-to-a-single-component-vle-mixture,,
 , , , Adding One Component to a Binary VLE Mixture, /simulations/thermodynamics/thermo-2/adding-one-component-to-a-binary-vle-mixture,,
 , , , Chemical Equilibrium in the Haber Process, /simulations/thermodynamics/thermo-2/chemical-equilibrium-in-the-haber-process,,
 , , , Chemical Potential Dependence on T and P, /simulations/thermodynamics/thermo-2/chemical-potential-dependence-on-t-and-p,,
 , , , Construct a Conversion-Temperature Diagram for a Reversible Adiabatic Reaction, /simulations/thermodynamics/thermo-2/construct-a-conversion-temperature-diagram-for-a-reversible-adiabatic-reaction,,
 , , , Construct a P-x-y Diagram for Immiscible Liquids, /simulations/thermodynamics/thermo-2/construct-a-p-x-y-diagram-for-immiscible-liquids,,
 , , , Construct a T-x-y Diagram for Immiscible Liquids, /simulations/thermodynamics/thermo-2/construct-a-t-x-y-diagram-for-immiscible-liquids,,
 , , , DePriester Chart for Hydrocarbons, /simulations/thermodynamics/thermo-2/depriester-chart-for-hydrocarbons,,
 , , , Effect of Temperature on Partial Miscibility, /simulations/thermodynamics/thermo-2/effect-of-temperature-on-partial-miscibility,,
 , , , Fugacities in a Can of Soda, /simulations/thermodynamics/thermo-2/fugacities-in-a-can-of-soda,,
 , , , Fugacities in an Ideal Binary Mixture, /simulations/thermodynamics/thermo-2/fugacities-in-an-ideal-binary-mixture,,
 , , , Fugacity Dependence on Pressure in an Ideal Binary Mixture, /simulations/thermodynamics/thermo-2/fugacity-dependence-on-pressure-in-an-ideal-binary-mixture,,
 , , , Fugacity Driving Force for Mass Transfer, /simulations/thermodynamics/thermo-2/fugacity-driving-force-for-mass-transfer,,
 , , , Gas-Phase Chemical Equilibrium at Constant P or Constant V, /simulations/thermodynamics/thermo-2/gas-phase-chemical-equilibrium-at-constant-p-or-constant-v,,
 , , , Gibbs Phase Rule for One- and Two-Component Systems, /simulations/thermodynamics/thermo-2/gibbs-phase-rule-for-one--and-two-component-systems,,
 , , , Heating Water and Air in a Sealed Container, /simulations/thermodynamics/thermo-2/heating-water-and-air-in-a-sealed-container,,
 , , , Henry's Law for Gases Dissolved in Water, /simulations/thermodynamics/thermo-2/henry-s-law-for-gases-dissolved-in-water,,
 , , , Heterogeneous Chemical Equilibrium with Calcium Carbonate, /simulations/thermodynamics/thermo-2/heterogeneous-chemical-equilibrium-with-calcium-carbonate,,
 , , , Immiscible Liquids on Pxy Diagram, /simulations/thermodynamics/thermo-2/immiscible-liquids-on-pxy-diagram,,
 , , , Lever Rule Applied to the Benzene-Toluene Vapor P Diagram, /simulations/thermodynamics/thermo-2/lever-rule-applied-to-the-benzene-toluene-vapor-p-diagram,,
 , , , Lever Rule for the Uranium-Titanium Solid-Liquid Phase Diagram, /simulations/thermodynamics/thermo-2/lever-rule-for-the-uranium-titanium-solid-liquid-phase-diagram,,
 , , , Non-Ideal VLE Margules Equation, /simulations/thermodynamics/thermo-2/non-ideal-vle-margules-equation,,
 , , , Osmotic Pressure, /simulations/thermodynamics/thermo-2/osmotic-pressure,,
 , , , Partially Miscible Liquids, /simulations/thermodynamics/thermo-2/partially-miscible-liquids,,
 , , , Partial Molar H, /simulations/thermodynamics/thermo-2/partial-molar-h,,
 , , , Peng-Robinson EOS for Mixtures, /simulations/thermodynamics/thermo-2/peng-robinson-eos-for-mixtures,,
 , , , Pressure-Temperature Diagram for Binary Mixture, /simulations/thermodynamics/thermo-2/pressure-temperature-diagram-for-binary-mixture,,
 , , , P-x-y and T-x-y Diagrams for Vapor-Liquid Equilibrium (VLE), /simulations/thermodynamics/thermo-2/p-x-y-and-t-x-y-diagrams-for-vapor-liquid-equilibrium-vle,,
 , , , Single-Component Fugacity, /simulations/thermodynamics/thermo-2/single-component-fugacity,,
 , , , Three Intermolecular Potential Models, /simulations/thermodynamics/thermo-2/three-intermolecular-potential-models,,
 , , , TXY Diagram for Immiscible Liquids, /simulations/thermodynamics/thermo-2/txy-diagram-for-immiscible-liquids,,
 , , , Vapor-Liquid Equilibrium Diagram for Non-Ideal Mixtures, /simulations/thermodynamics/thermo-2/vapor-liquid-equilibrium-diagram-for-non-ideal-mixtures,,
 , , , Vapor Pressure of Binary Solutions, /simulations/thermodynamics/thermo-2/vapor-pressure-of-binary-solutions,,
 , , , VLE Diagram for Non-Ideal Mixture, /simulations/thermodynamics/thermo-2/vle-diagram-for-non-ideal-mixtures,,
 , , , VLLE, /simulations/thermodynamics/thermo-2/vlle,,
Student Resources, , , , /student-resources,,
 , Chemical Engineering AppSuite HD, , , /student-resources/chemeapps,,
 , Excel Files, , , /student-resources/excel-files,,
 , How to Study/How to Learn, , , /student-resources/how-to-study-resources,,
 , Interactive Module First Law Closed Systems, , , /student-resources/interactive-module-first-law-closed-systems,,
 , , Interactive Module First Law Closed Systems ConcepTests, , /student-resources/interactive-module-first-law-closed-systems/interactive-module-first-law-closed-systems-conceptests,,
 , , Interactive Module First Law Closed Systems Intro, , /student-resources/interactive-module-first-law-closed-systems/interactive-module-first-law-closed-systems-intro,,
 , , Interactive Module First Law Closed Systems Problems, , /student-resources/interactive-module-first-law-closed-systems/interactive-module-first-law-closed-systems-problems,,
 , , Interactive Module First Law Closed Systems Screencasts, , /student-resources/interactive-module-first-law-closed-systems/interactive-module-first-law-closed-systems-screencasts,,
 , , Interactive Module First Law Closed Systems Second ConcepTests, , /student-resources/interactive-module-first-law-closed-systems/interactive-module-first-law-closed-systems-second-conceptests,,
 , , Interactive Module First Law Closed Systems Simulations, , /student-resources/interactive-module-first-law-closed-systems/interactive-module-first-law-closed-systems-simulations,,
 , , Interactive Module First Law Closed Systems Summary, , /student-resources/interactive-module-first-law-closed-systems/interactive-module-first-law-closed-systems-summary,,
 , Interactive Module Flash Separations, , , /student-resources/interactive-module-flash-separations,,
 , , Interactive Module Flash Separations ConcepTests, , /student-resources/interactive-module-flash-separations/interactive-module-flash-separations-conceptests,,
 , , Interactive Module Flash Separations Intro, , /student-resources/interactive-module-flash-separations/interactive-module-flash-separations-intro,,
 , , Interactive Module Flash Separations Problems, , /student-resources/interactive-module-flash-separations/interactive-module-flash-separations-problems,,
 , , Interactive Module Flash Separations Screencasts, , /student-resources/interactive-module-flash-separations/interactive-module-flash-separations-screencasts,,
 , , Interactive Module Flash Separations Second ConcepTests, , /student-resources/interactive-module-flash-separations/interactive-module-flash-separations-second-conceptests,,
 , , Interactive Module Flash Separations Simulations, , /student-resources/interactive-module-flash-separations/interactive-module-flash-separations-simulations,,
 , , Interactive Module Flash Separations Summary, , /student-resources/interactive-module-flash-separations/interactive-module-flash-separations-summary,,
 , Interactive Module Fugacities of Mixtures, , , /student-resources/interactive-module-fugacities-of-mixtures,,
 , , Interactive Module Fugacities of Mixtures ConcepTest, , /student-resources/interactive-module-fugacities-of-mixtures/interactive-module-fugacities-of-mixtures-conceptest,,
 , , Interactive Module Fugacities of Mixtures Example Problems, , /student-resources/interactive-module-fugacities-of-mixtures/interactive-module-fugacities-of-mixtures-example-problems,,
 , , Interactive Module Fugacities of Mixtures Intro, , /student-resources/interactive-module-fugacities-of-mixtures/interactive-module-fugacities-of-mixtures-intro,,
 , , Interactive Module Fugacities of Mixtures Screencast, , /student-resources/interactive-module-fugacities-of-mixtures/interactive-module-fugacities-of-mixtures-screencast,,
 , , Interactive Module Fugacities of Mixtures Second ConcepTest, , /student-resources/interactive-module-fugacities-of-mixtures/interactive-module-fugacities-of-mixtures-second-conceptest,,
 , , Interactive Module Fugacities of Mixtures Simulations, , /student-resources/interactive-module-fugacities-of-mixtures/interactive-module-fugacities-of-mixtures-simulations,,
 , , Interactive Module Fugacities of Mixtures Summary, , /student-resources/interactive-module-fugacities-of-mixtures/interactive-module-fugacities-of-mixtures-summary,,
 , Interactive Module Fugacity Single Component, , , /student-resources/interactive-module-fugacity-single-component,,
 , , Interactive Module Fugacity Single Component ConcepTests, , /student-resources/interactive-module-fugacity-single-component/interactive-module-fugacity-single-component-conceptests,,
 , , Interactive Module Fugacity Single Component Example Problems, , /student-resources/interactive-module-fugacity-single-component/interactive-module-fugacity-single-component-example-problems,,
 , , Interactive Module Fugacity Single Component Intro, , /student-resources/interactive-module-fugacity-single-component/interactive-module-fugacity-single-component-intro,,
 , , Interactive Module Fugacity Single Component Screencast, , /student-resources/interactive-module-fugacity-single-component/interactive-module-fugacity-single-component-screencast,,
 , , Interactive Module Fugacity Single Component Second ConcepTests, , /student-resources/interactive-module-fugacity-single-component/interactive-module-fugacity-single-component-second-conceptests,,
 , , Interactive Module Fugacity Single Component Simulations, , /student-resources/interactive-module-fugacity-single-component/interactive-module-fugacity-single-component-simulations,,
 , , Interactive Module Fugacity Single Component Summary, , /student-resources/interactive-module-fugacity-single-component/interactive-module-fugacity-single-component-summary,,
 , Interactive Module Immiscible Liquid Phase Diagrams, , , /student-resources/interactive-module-immiscible-liquid-phase-diagrams,,
 , , Interactive Module Immiscible Liquids ConcepTests, , /student-resources/interactive-module-immiscible-liquid-phase-diagrams/interactive-module-immiscible-liquids-conceptests,,
 , , Interactive Module Immiscible Liquids Intro, , /student-resources/interactive-module-immiscible-liquid-phase-diagrams/interactive-module-immiscible-liquids-intro,,
 , , Interactive Module Immiscible Liquids Problems, , /student-resources/interactive-module-immiscible-liquid-phase-diagrams/interactive-module-immiscible-liquids-problems,,
 , , Interactive Module Immiscible Liquid Quiz Yourself, , /student-resources/interactive-module-immiscible-liquid-phase-diagrams/interactive-module-immiscible-liquids-quiz-yourself,,
 , , Interactive Module Immiscible Liquids Screencast, , /student-resources/interactive-module-immiscible-liquid-phase-diagrams/interactive-module-immiscible-liquids-screencast,,
 , , Interactive Module Immiscible Liquids Second ConcepTests, , /student-resources/interactive-module-immiscible-liquid-phase-diagrams/interactive-module-immiscible-liquids-second-conceptests,,
 , , Interactive Module Immiscible Liquids Simulations, , /student-resources/interactive-module-immiscible-liquid-phase-diagrams/interactive-module-immiscible-liquids-simulations,,
 , , Interactive Module Immiscible Liquids Summary, , /student-resources/interactive-module-immiscible-liquid-phase-diagrams/interactive-module-immiscible-liquids-summary,,
 , Interactive Module Non Ideal VLE, , , /student-resources/interactive-module-non-ideal-vle,,
 , , Interactive Module Non Ideal Simulations, , /student-resources/interactive-module-non-ideal-vle/interactive-module-non-ideal-simulations,,
 , , Interactive Module Non Ideal VLE 2nd ConcepTests, , /student-resources/interactive-module-non-ideal-vle/interactive-module-non-ideal-vle-2nd-conceptests,,
 , , Interactive Module Non Ideal VLE ConcepTests, , /student-resources/interactive-module-non-ideal-vle/interactive-module-non-ideal-vle-conceptests,,
 , , Interactive Module Non Ideal VLE Example Problems, , /student-resources/interactive-module-non-ideal-vle/interactive-module-non-ideal-vle-example-problems,,
 , , Interactive Module Non Ideal VLE Intro, , /student-resources/interactive-module-non-ideal-vle/interactive-module-non-ideal-vle-intro,,
 , , Interactive Module Non Ideal VLE Screencast, , /student-resources/interactive-module-non-ideal-vle/interactive-module-non-ideal-vle-screencast,,
 , , Interactive Module Non Ideal VLE Summary, , /student-resources/interactive-module-non-ideal-vle/interactive-module-non-ideal-vle-summary,,
 , Interactive Module Phase Diagrams of Partially-Miscible Liquids, , , /student-resources/interactive-module-phase-diagrams-of-partially-miscible-liquids,,
 , , Phase Diagrams of Partially-Miscible Liquids ConcepTests, , /student-resources/interactive-module-phase-diagrams-of-partially-miscible-liquids/phase-diagrams-of-partially-miscible-liquids-conceptests,,
 , , Phase Diagrams of Partially-Miscible Liquids Example Problems, , /student-resources/interactive-module-phase-diagrams-of-partially-miscible-liquids/phase-diagrams-of-partially-miscible-liquids-example-problems,,
 , , Phase Diagrams of Partially-Miscible Liquids Intro, , /student-resources/interactive-module-phase-diagrams-of-partially-miscible-liquids/phase-diagrams-of-partially-miscible-liquids-intro,,
 , , Phase Diagrams of Partially-Miscible Liquids Screencasts, , /student-resources/interactive-module-phase-diagrams-of-partially-miscible-liquids/phase-diagrams-of-partially-miscible-liquids-screencasts,,
 , , Phase Diagrams of Partially-Miscible Liquids Second ConcepTests, , /student-resources/interactive-module-phase-diagrams-of-partially-miscible-liquids/phase-diagrams-of-partially-miscible-liquids-second-conceptests,,
 , , Phase Diagrams of Partially-Miscible Liquids Simulations, , /student-resources/interactive-module-phase-diagrams-of-partially-miscible-liquids/phase-diagrams-of-partially-miscible-liquids-simulations,,
 , , Phase Diagrams of Partially-Miscible Liquids Summary, , /student-resources/interactive-module-phase-diagrams-of-partially-miscible-liquids/phase-diagrams-of-partially-miscible-liquids-summary,,
 , Interactive Module Reversible and Irreversible Expansion/Compression Processes, , , /student-resources/interactive-module-reversible-and-irreversible-expansion-compression-processes,,
 , , Interactive Module Reversible/Irreversible Expansion/Compression Processes ConcepTests, , /student-resources/interactive-module-reversible-and-irreversible-expansion-compression-processes/interactive-module-reversibleirreversible-expansioncompression-processes-conceptests,,
 , , Interactive Module Reversible/Irreversible Expansion/Compression Processes Intro, , /student-resources/interactive-module-reversible-and-irreversible-expansion-compression-processes/interactive-module-reversible-irreversible-expansion-compression-processes-intro,,
 , , Interactive Module Reversible/Irreversible Expansion/Compression Processes Problems, , /student-resources/interactive-module-reversible-and-irreversible-expansion-compression-processes/interactive-module-reversibleirreversible-expansioncompression-processes-problems,,
 , , Interactive Module Reversible/Irreversible Expansion/Compression Processes Screencast, , /student-resources/interactive-module-reversible-and-irreversible-expansion-compression-processes/interactive-module-reversibleirreversible-expansioncompression-processes-screencast,,
 , , Interactive Module Reversible/Irreversible Expansion/Compression Processes Second ConcepTests, , /student-resources/interactive-module-reversible-and-irreversible-expansion-compression-processes/interactive-module-reversibleirreversible-expansioncompression-processes-second-conceptests,,
 , , Interactive Module Reversible/Irreversible Expansion/Compression Processes Simulations, , /student-resources/interactive-module-reversible-and-irreversible-expansion-compression-processes/interactive-module-reversibleirreversible-expansioncompression-processes-simulations,,
 , , Interactive Module Reversible/Irreversible Expansion/Compression Processes Summary, , /student-resources/interactive-module-reversible-and-irreversible-expansion-compression-processes/interactive-module-reversibleirreversible-expansioncompression-processes-summary,,
 , Interactive Module Single Component Phase Diagrams, , , /student-resources/interactive-module-single-component-phase-diagrams,,
 , , Interactive Module Single Component Phase Diagrams ConcepTests, , /student-resources/interactive-module-single-component-phase-diagrams/interactive-module-single-component-phase-diagrams-conceptests,,
 , , Interactive Module Single Component Phase Diagrams Intro, , /student-resources/interactive-module-single-component-phase-diagrams/interactive-module-single-component-phase-diagrams-intro,,
 , , Interactive Module Single Component Phase Diagrams Problems, , /student-resources/interactive-module-single-component-phase-diagrams/interactive-module-single-component-phase-diagrams-problems,,
 , , Interactive Module Single Component Phase Diagrams Screencasts, , /student-resources/interactive-module-single-component-phase-diagrams/interactive-module-single-component-phase-diagrams-screencasts,,
 , , Interactive Module Single Component Phase Diagrams Second ConcepTests, , /student-resources/interactive-module-single-component-phase-diagrams/interactive-module-single-component-phase-diagrams-second-conceptests,,
 , , Interactive Module Single Component Phase Diagrams Simulations, , /student-resources/interactive-module-single-component-phase-diagrams/interactive-module-single-component-phase-diagrams-simulations,,
 , , Interactive Module Single Component Phase Diagrams Summary, , /student-resources/interactive-module-single-component-phase-diagrams/interactive-module-single-component-phase-diagrams-summary,,
 , Interactive Module: Raoult's Law and Vapor-Liquid Equilibrium, , , /student-resources/interactive-module-raoult-s-law-and-vapor-liquid-equilibrium,,
 , , Interactive Module Raoult's Law ConcepTests, , /student-resources/interactive-module-raoult-s-law-and-vapor-liquid-equilibrium/interactive-module-raoult-s-law-conceptests,,
 , , Interactive Module Raoult's Law Example Problems, , /student-resources/interactive-module-raoult-s-law-and-vapor-liquid-equilibrium/interactive-module-raoult-s-law-example-problems,,
 , , Interactive Module Raoult's Law Intro, , /student-resources/interactive-module-raoult-s-law-and-vapor-liquid-equilibrium/interactive-module-raoult-s-law-intro,,
 , , Interactive Module Raoult's Law Quiz Yourself, , /student-resources/interactive-module-raoult-s-law-and-vapor-liquid-equilibrium/interactive-module-raoult-s-law-quiz-yourself,,
 , , Interactive Module Raoult's Law Screencast, , /student-resources/interactive-module-raoult-s-law-and-vapor-liquid-equilibrium/interactive-module-raoult-s-law-screencast,,
 , , Interactive Module Raoult's Law Second ConcepTests, , /student-resources/interactive-module-raoult-s-law-and-vapor-liquid-equilibrium/interactive-module-raoult-s-law-second-conceptests,,
 , , Interactive Module Raoult's Law Simulations, , /student-resources/interactive-module-raoult-s-law-and-vapor-liquid-equilibrium/interactive-module-raoult-s-law-simulations,,
 , , Interactive Module Raoult's Law Summary, , /student-resources/interactive-module-raoult-s-law-and-vapor-liquid-equilibrium/interactive-module-raoult-s-law-summary,,
 , POLYMATH, , , /student-resources/polymath,,
 , , Polymath Files, , /student-resources/polymath/polymath-files,,
 , Units, Dimensional Analysis and Conversion Factors,, /student-resources/units-dimensional-analysis-and-conversion-factors, ,
Virtual Labs, , , , /virtual-laboratories,,
